ReturnID,OrderID,ProductID,ReturnDate,QuantityReturned,Reason,RefundAmount,Status
RT-00001,ORD-2023-000002,P-1040,2023-01-07,1,Changed mind,33900.0,Approved
RT-00002,ORD-2023-000037,P-0480,2023-01-09,1,Damaged in transit,144100.0,Approved
RT-00003,ORD-2023-000042,P-0960,2023-01-09,1,Quality below expectation,76700.0,Rejected
RT-00004,ORD-2023-000094,P-0165,2023-01-10,3,Damaged in transit,26100.0,Approved
RT-00005,ORD-2023-000199,P-0179,2023-01-12,1,Expired product,3600.0,Approved
RT-00006,ORD-2023-000272,P-0528,2023-01-17,1,Wrong item delivered,391850.0,Approved
RT-00007,ORD-2023-000299,P-0474,2023-01-23,1,Wrong item delivered,362500.0,Approved
RT-00008,ORD-2023-000304,P-1049,2023-01-18,1,Wrong item delivered,14000.0,Approved
RT-00009,ORD-2023-000361,P-0993,2023-01-21,1,Quality below expectation,111274.5,Approved
RT-00010,ORD-2023-000379,P-0006,2023-01-20,1,Expired product,3550.0,Approved
RT-00011,ORD-2023-000389,P-0127,2023-01-14,1,Wrong item delivered,3420.0,Approved
RT-00012,ORD-2023-000399,P-0390,2023-01-16,1,Changed mind,74632.5,Approved
RT-00013,ORD-2023-000423,P-0890,2023-01-25,1,Wrong item delivered,2850.0,Approved
RT-00014,ORD-2023-000427,P-0771,2023-01-27,1,Wrong item delivered,1500.0,Approved
RT-00015,ORD-2023-000442,P-0514,2023-01-26,1,Damaged in transit,106150.0,Approved
RT-00016,ORD-2023-000483,P-1200,2023-01-28,1,Damaged in transit,10350.0,Approved
RT-00017,ORD-2023-000576,P-0028,2023-01-31,1,Wrong item delivered,4950.0,Approved
RT-00018,ORD-2023-000628,P-0026,2023-01-22,1,Damaged in transit,8550.0,Rejected
RT-00019,ORD-2023-000683,P-0907,2023-01-30,1,Changed mind,10250.0,Approved
RT-00020,ORD-2023-000698,P-0042,2023-01-30,1,Changed mind,5400.0,Approved
RT-00021,ORD-2023-000702,P-1079,2023-01-25,1,Quality below expectation,93850.0,Approved
RT-00022,ORD-2023-000730,P-1191,2023-01-25,1,Damaged in transit,17300.0,Approved
RT-00023,ORD-2023-000736,P-0485,2023-01-22,1,Changed mind,278200.0,Approved
RT-00024,ORD-2023-000737,P-0434,2023-01-26,1,Changed mind,22150.0,Approved
RT-00025,ORD-2023-000744,P-0245,2023-01-27,1,Expired product,3650.0,Approved
RT-00026,ORD-2023-000745,P-0813,2023-02-02,1,Damaged in transit,11850.0,Approved
RT-00027,ORD-2023-000764,P-0303,2023-02-01,1,Changed mind,7900.0,Approved
RT-00028,ORD-2023-000765,P-1042,2023-02-05,1,Wrong item delivered,54200.0,Approved
RT-00029,ORD-2023-000799,P-0075,2023-01-27,1,Wrong item delivered,2400.0,Approved
RT-00030,ORD-2023-000837,P-0730,2023-02-04,1,Changed mind,8100.0,Approved
RT-00031,ORD-2023-000848,P-0490,2023-01-29,1,Damaged in transit,123800.0,Approved
RT-00032,ORD-2023-000857,P-0540,2023-02-04,1,Damaged in transit,297800.0,Approved
RT-00033,ORD-2023-000858,P-0157,2023-02-04,1,Wrong item delivered,10950.0,Approved
RT-00034,ORD-2023-000933,P-0457,2023-02-09,1,Changed mind,177200.0,Approved
RT-00035,ORD-2023-000943,P-0777,2023-02-03,1,Expired product,10600.0,Approved
RT-00036,ORD-2023-000959,P-0028,2023-02-07,1,Damaged in transit,4950.0,Rejected
RT-00037,ORD-2023-000961,P-0325,2023-01-29,1,Changed mind,2500.0,Approved
RT-00038,ORD-2023-000990,P-0482,2023-02-09,1,Damaged in transit,81800.0,Approved
RT-00039,ORD-2023-001036,P-0265,2023-02-06,1,Expired product,4050.0,Approved
RT-00040,ORD-2023-001045,P-0411,2023-02-04,1,Changed mind,719000.0,Approved
RT-00041,ORD-2023-001046,P-0482,2023-02-06,1,Changed mind,81800.0,Approved
RT-00042,ORD-2023-001095,P-0444,2023-01-31,1,Changed mind,40000.0,Approved
RT-00043,ORD-2023-001124,P-0676,2023-02-01,1,Expired product,3600.0,Approved
RT-00044,ORD-2023-001133,P-0378,2023-02-03,1,Damaged in transit,1700.0,Approved
RT-00045,ORD-2023-001141,P-0510,2023-01-31,1,Defective on arrival,28200.0,Approved
RT-00046,ORD-2023-001181,P-0170,2023-02-13,1,Expired product,2400.0,Approved
RT-00047,ORD-2023-001185,P-0523,2023-02-02,1,Wrong item delivered,686950.0,Approved
RT-00048,ORD-2023-001191,P-0518,2023-02-07,1,Defective on arrival,229550.0,Approved
RT-00049,ORD-2023-001192,P-0940,2023-02-02,2,Wrong item delivered,223500.0,Pending
RT-00050,ORD-2023-001212,P-0690,2023-02-03,3,Expired product,24900.0,Approved
RT-00051,ORD-2023-001232,P-0616,2023-02-08,1,Wrong item delivered,40200.0,Approved
RT-00052,ORD-2023-001266,P-0105,2023-02-08,1,Damaged in transit,15150.0,Approved
RT-00053,ORD-2023-001286,P-0811,2023-02-08,1,Changed mind,2491.0,Approved
RT-00054,ORD-2023-001298,P-0175,2023-02-09,1,Expired product,28650.0,Approved
RT-00055,ORD-2023-001305,P-0242,2023-02-12,1,Expired product,13700.0,Approved
RT-00056,ORD-2023-001322,P-0549,2023-02-08,1,Changed mind,47300.0,Approved
RT-00057,ORD-2023-001330,P-0911,2023-02-15,1,Damaged in transit,7300.0,Approved
RT-00058,ORD-2023-001343,P-0796,2023-02-06,1,Expired product,27500.0,Approved
RT-00059,ORD-2023-001353,P-1187,2023-02-11,1,Changed mind,55750.0,Approved
RT-00060,ORD-2023-001357,P-0123,2023-02-19,1,Damaged in transit,41800.0,Approved
RT-00061,ORD-2023-001400,P-0726,2023-02-12,1,Changed mind,33350.0,Approved
RT-00062,ORD-2023-001408,P-0098,2023-02-14,1,Expired product,1650.0,Pending
RT-00063,ORD-2023-001437,P-0309,2023-02-12,1,Expired product,2350.0,Approved
RT-00064,ORD-2023-001441,P-0197,2023-02-09,1,Wrong item delivered,1100.0,Approved
RT-00065,ORD-2023-001497,P-1045,2023-02-11,3,Wrong item delivered,155550.0,Approved
RT-00066,ORD-2023-001517,P-0385,2023-02-14,1,Wrong item delivered,120700.0,Pending
RT-00067,ORD-2023-001534,P-0415,2023-02-17,1,Changed mind,24700.0,Approved
RT-00068,ORD-2023-001548,P-0215,2023-02-21,1,Damaged in transit,11000.0,Approved
RT-00069,ORD-2023-001564,P-0144,2023-02-19,1,Damaged in transit,10850.0,Approved
RT-00070,ORD-2023-001603,P-0450,2023-02-14,1,Wrong item delivered,318150.0,Approved
RT-00071,ORD-2023-001606,P-0539,2023-02-25,1,Changed mind,177750.0,Approved
RT-00072,ORD-2023-001606,P-0490,2023-02-20,1,Defective on arrival,123800.0,Approved
RT-00073,ORD-2023-001638,P-0471,2023-02-13,1,Defective on arrival,587500.0,Approved
RT-00074,ORD-2023-001652,P-0371,2023-02-27,1,Changed mind,4400.0,Approved
RT-00075,ORD-2023-001659,P-0138,2023-02-15,1,Wrong item delivered,14900.0,Approved
RT-00076,ORD-2023-001665,P-0179,2023-02-22,1,Changed mind,3600.0,Approved
RT-00077,ORD-2023-001682,P-0249,2023-02-18,2,Changed mind,22100.0,Pending
RT-00078,ORD-2023-001687,P-0435,2023-02-26,1,Defective on arrival,68700.0,Approved
RT-00079,ORD-2023-001694,P-0758,2023-02-23,1,Changed mind,6250.0,Rejected
RT-00080,ORD-2023-001699,P-0072,2023-02-17,1,Changed mind,3550.0,Approved
RT-00081,ORD-2023-001749,P-1064,2023-02-18,1,Wrong item delivered,48750.0,Approved
RT-00082,ORD-2023-001783,P-0525,2023-02-23,1,Changed mind,6900.0,Approved
RT-00083,ORD-2023-001811,P-1065,2023-02-27,2,Wrong size,134300.0,Approved
RT-00084,ORD-2023-001812,P-0038,2023-02-23,1,Changed mind,14850.0,Rejected
RT-00085,ORD-2023-001822,P-1165,2023-02-24,1,Wrong item delivered,6850.0,Approved
RT-00086,ORD-2023-001841,P-0488,2023-02-28,1,Changed mind,18800.0,Approved
RT-00087,ORD-2023-001854,P-0934,2023-02-27,1,Changed mind,51400.0,Approved
RT-00088,ORD-2023-001859,P-0841,2023-02-25,1,Changed mind,4350.0,Approved
RT-00089,ORD-2023-001905,P-0274,2023-03-02,1,Wrong item delivered,40050.0,Approved
RT-00090,ORD-2023-001919,P-0955,2023-02-24,1,Changed mind,35550.0,Approved
RT-00091,ORD-2023-001922,P-1145,2023-02-26,1,Changed mind,6550.0,Approved
RT-00092,ORD-2023-001929,P-0866,2023-03-07,1,Expired product,12750.0,Approved
RT-00093,ORD-2023-001930,P-0812,2023-03-04,1,Expired product,11350.0,Approved
RT-00094,ORD-2023-001953,P-0462,2023-02-27,2,Wrong item delivered,548866.0,Rejected
RT-00095,ORD-2023-001954,P-0988,2023-02-25,1,Changed mind,27850.0,Approved
RT-00096,ORD-2023-002021,P-0351,2023-03-04,1,Expired product,32750.0,Approved
RT-00097,ORD-2023-002028,P-0125,2023-03-09,1,Expired product,500.0,Pending
RT-00098,ORD-2023-002070,P-0417,2023-02-28,1,Wrong item delivered,111800.0,Pending
RT-00099,ORD-2023-002090,P-1085,2023-03-01,1,Changed mind,10400.0,Rejected
RT-00100,ORD-2023-002102,P-0067,2023-03-04,2,Changed mind,17400.0,Approved
RT-00101,ORD-2023-002102,P-0324,2023-03-04,2,Wrong item delivered,2100.0,Approved
RT-00102,ORD-2023-002104,P-0528,2023-03-05,1,Changed mind,391850.0,Pending
RT-00103,ORD-2023-002106,P-0500,2023-03-02,1,Defective on arrival,384650.0,Approved
RT-00104,ORD-2023-002112,P-1064,2023-03-11,1,Wrong size,48750.0,Approved
RT-00105,ORD-2023-002144,P-0916,2023-03-06,2,Changed mind,14534.0,Rejected
RT-00106,ORD-2023-002169,P-0361,2023-03-11,1,Damaged in transit,22350.0,Approved
RT-00107,ORD-2023-002204,P-0520,2023-03-03,1,Defective on arrival,339200.0,Approved
RT-00108,ORD-2023-002245,P-0452,2023-03-04,1,Wrong item delivered,29500.0,Approved
RT-00109,ORD-2023-002298,P-0931,2023-03-10,1,Changed mind,29541.0,Approved
RT-00110,ORD-2023-002313,P-0263,2023-03-11,1,Wrong item delivered,11900.0,Approved
RT-00111,ORD-2023-002337,P-0880,2023-03-05,1,Wrong item delivered,1250.0,Pending
RT-00112,ORD-2023-002342,P-0533,2023-03-06,1,Wrong item delivered,153350.0,Approved
RT-00113,ORD-2023-002352,P-0463,2023-03-12,1,Damaged in transit,100190.0,Approved
RT-00114,ORD-2023-002365,P-0194,2023-03-16,1,Expired product,10300.0,Pending
RT-00115,ORD-2023-002403,P-0372,2023-03-16,1,Wrong item delivered,2350.0,Approved
RT-00116,ORD-2023-002420,P-0513,2023-03-10,2,Defective on arrival,101100.0,Approved
RT-00117,ORD-2023-002426,P-0243,2023-03-07,1,Damaged in transit,1032.0,Approved
RT-00118,ORD-2023-002433,P-0340,2023-03-12,1,Wrong item delivered,27950.0,Approved
RT-00119,ORD-2023-002479,P-0901,2023-03-08,1,Wrong item delivered,1000.0,Approved
RT-00120,ORD-2023-002499,P-1005,2023-03-12,1,Wrong size,64100.0,Approved
RT-00121,ORD-2023-002511,P-0381,2023-03-08,1,Damaged in transit,410900.0,Approved
RT-00122,ORD-2023-002554,P-0854,2023-03-14,1,Changed mind,4450.0,Approved
RT-00123,ORD-2023-002570,P-0152,2023-03-15,1,Changed mind,4150.0,Approved
RT-00124,ORD-2023-002583,P-0950,2023-03-18,1,Quality below expectation,64300.0,Approved
RT-00125,ORD-2023-002587,P-0873,2023-03-13,1,Changed mind,8004.0,Approved
RT-00126,ORD-2023-002629,P-0335,2023-03-21,1,Damaged in transit,1500.0,Approved
RT-00127,ORD-2023-002638,P-0932,2023-03-19,1,Quality below expectation,98500.0,Approved
RT-00128,ORD-2023-002650,P-0127,2023-03-21,1,Wrong item delivered,3800.0,Approved
RT-00129,ORD-2023-002656,P-0865,2023-03-14,1,Changed mind,1400.0,Approved
RT-00130,ORD-2023-002661,P-0015,2023-03-20,1,Damaged in transit,3900.0,Pending
RT-00131,ORD-2023-002686,P-0276,2023-03-22,1,Expired product,3150.0,Approved
RT-00132,ORD-2023-002692,P-0175,2023-03-22,5,Expired product,143250.0,Approved
RT-00133,ORD-2023-002706,P-0106,2023-03-23,2,Damaged in transit,9400.0,Approved
RT-00134,ORD-2023-002710,P-0093,2023-03-24,1,Changed mind,1000.0,Approved
RT-00135,ORD-2023-002775,P-1097,2023-03-27,1,Expired product,8350.0,Approved
RT-00136,ORD-2023-002781,P-0972,2023-03-16,1,Changed mind,78200.0,Approved
RT-00137,ORD-2023-002823,P-0330,2023-03-23,1,Wrong item delivered,31900.0,Approved
RT-00138,ORD-2023-002827,P-0138,2023-03-18,1,Wrong item delivered,14900.0,Approved
RT-00139,ORD-2023-002864,P-0705,2023-03-31,1,Wrong item delivered,71400.0,Approved
RT-00140,ORD-2023-002926,P-0607,2023-03-21,1,Wrong item delivered,9550.0,Approved
RT-00141,ORD-2023-002932,P-0646,2023-03-29,1,Damaged in transit,30600.0,Approved
RT-00142,ORD-2023-002934,P-0961,2023-04-01,1,Wrong size,92050.0,Approved
RT-00143,ORD-2023-002939,P-0057,2023-03-25,1,Changed mind,8008.0,Approved
RT-00144,ORD-2023-002942,P-0326,2023-03-24,1,Wrong item delivered,6050.0,Approved
RT-00145,ORD-2023-002946,P-0497,2023-03-26,1,Defective on arrival,104100.0,Pending
RT-00146,ORD-2023-002993,P-1057,2023-03-29,1,Changed mind,89300.0,Approved
RT-00147,ORD-2023-003042,P-0968,2023-03-31,1,Wrong size,75950.0,Approved
RT-00148,ORD-2023-003080,P-0933,2023-03-31,1,Wrong item delivered,11100.0,Rejected
RT-00149,ORD-2023-003115,P-0522,2023-03-26,1,Changed mind,4700.0,Pending
RT-00150,ORD-2023-003117,P-0661,2023-04-01,1,Expired product,5300.0,Rejected
RT-00151,ORD-2023-003150,P-0237,2023-04-02,1,Expired product,2250.0,Approved
RT-00152,ORD-2023-003156,P-0167,2023-04-07,1,Expired product,1848.0,Approved
RT-00153,ORD-2023-003170,P-0420,2023-04-06,1,Wrong item delivered,534750.0,Approved
RT-00154,ORD-2023-003225,P-0521,2023-04-06,1,Wrong item delivered,15950.0,Approved
RT-00155,ORD-2023-003226,P-0440,2023-04-08,1,Changed mind,81650.0,Rejected
RT-00156,ORD-2023-003248,P-0102,2023-04-05,2,Wrong item delivered,28400.0,Rejected
RT-00157,ORD-2023-003255,P-0335,2023-04-08,1,Changed mind,1500.0,Rejected
RT-00158,ORD-2023-003257,P-0593,2023-04-04,1,Damaged in transit,43700.0,Approved
RT-00159,ORD-2023-003278,P-1006,2023-04-10,2,Wrong size,126800.0,Rejected
RT-00160,ORD-2023-003300,P-0592,2023-04-06,1,Changed mind,22600.0,Approved
RT-00161,ORD-2023-003321,P-0542,2023-04-01,1,Changed mind,80800.0,Approved
RT-00162,ORD-2023-003327,P-0396,2023-04-04,1,Defective on arrival,79800.0,Approved
RT-00163,ORD-2023-003340,P-0151,2023-04-09,1,Wrong item delivered,1700.0,Rejected
RT-00164,ORD-2023-003357,P-0654,2023-04-03,1,Changed mind,34410.0,Approved
RT-00165,ORD-2023-003369,P-1023,2023-04-03,2,Wrong size,80500.0,Approved
RT-00166,ORD-2023-003371,P-0961,2023-04-11,1,Changed mind,92050.0,Rejected
RT-00167,ORD-2023-003376,P-0509,2023-03-31,1,Damaged in transit,666900.0,Approved
RT-00168,ORD-2023-003427,P-0196,2023-04-04,2,Changed mind,10700.0,Approved
RT-00169,ORD-2023-003433,P-1073,2023-04-05,1,Wrong size,43650.0,Approved
RT-00170,ORD-2023-003455,P-1196,2023-04-13,1,Changed mind,23655.0,Approved
RT-00171,ORD-2023-003470,P-0022,2023-04-02,1,Wrong item delivered,7052.5,Pending
RT-00172,ORD-2023-003524,P-0260,2023-04-05,2,Expired product,8200.0,Approved
RT-00173,ORD-2023-003535,P-0569,2023-04-07,1,Changed mind,14650.0,Approved
RT-00174,ORD-2023-003559,P-1041,2023-04-16,1,Wrong item delivered,46400.0,Rejected
RT-00175,ORD-2023-003564,P-0459,2023-04-14,1,Changed mind,83550.0,Approved
RT-00176,ORD-2023-003575,P-0392,2023-04-05,2,Wrong item delivered,463200.0,Approved
RT-00177,ORD-2023-003610,P-0706,2023-04-11,1,Changed mind,31950.0,Approved
RT-00178,ORD-2023-003611,P-0829,2023-04-10,2,Expired product,4700.0,Approved
RT-00179,ORD-2023-003613,P-0494,2023-04-08,1,Damaged in transit,220600.0,Approved
RT-00180,ORD-2023-003621,P-0755,2023-04-13,1,Changed mind,4700.0,Approved
RT-00181,ORD-2023-003629,P-1059,2023-04-16,1,Changed mind,41050.0,Approved
RT-00182,ORD-2023-003644,P-0383,2023-04-18,1,Defective on arrival,17150.0,Approved
RT-00183,ORD-2023-003678,P-0965,2023-04-09,1,Wrong item delivered,56300.0,Pending
RT-00184,ORD-2023-003685,P-1008,2023-04-09,1,Wrong item delivered,14000.0,Approved
RT-00185,ORD-2023-003687,P-0413,2023-04-18,1,Changed mind,668800.0,Pending
RT-00186,ORD-2023-003713,P-1063,2023-04-18,1,Quality below expectation,70750.0,Approved
RT-00187,ORD-2023-003748,P-1070,2023-04-19,1,Wrong item delivered,92150.0,Pending
RT-00188,ORD-2023-003748,P-0660,2023-04-08,1,Expired product,53150.0,Approved
RT-00189,ORD-2023-003819,P-0224,2023-04-13,1,Damaged in transit,880.0,Pending
RT-00190,ORD-2023-003839,P-0756,2023-04-19,1,Changed mind,11100.0,Rejected
RT-00191,ORD-2023-003840,P-0745,2023-04-18,1,Expired product,2750.0,Rejected
RT-00192,ORD-2023-003842,P-0318,2023-04-22,1,Changed mind,1350.0,Rejected
RT-00193,ORD-2023-003843,P-1058,2023-04-15,1,Changed mind,24100.0,Rejected
RT-00194,ORD-2023-003848,P-0765,2023-04-12,1,Damaged in transit,5500.0,Approved
RT-00195,ORD-2023-003851,P-0234,2023-04-14,1,Wrong item delivered,2244.0,Approved
RT-00196,ORD-2023-003921,P-1132,2023-04-14,1,Wrong item delivered,10700.0,Approved
RT-00197,ORD-2023-003948,P-0093,2023-04-25,1,Changed mind,1000.0,Approved
RT-00198,ORD-2023-003966,P-0897,2023-04-27,1,Damaged in transit,5250.0,Approved
RT-00199,ORD-2023-003982,P-0403,2023-04-17,1,Defective on arrival,577600.0,Approved
RT-00200,ORD-2023-004041,P-0471,2023-04-19,1,Damaged in transit,587500.0,Rejected
RT-00201,ORD-2023-004069,P-0572,2023-04-22,1,Damaged in transit,6900.0,Approved
RT-00202,ORD-2023-004084,P-0509,2023-04-29,1,Changed mind,666900.0,Approved
RT-00203,ORD-2023-004103,P-0152,2023-04-22,1,Changed mind,3652.0,Rejected
RT-00204,ORD-2023-004124,P-1126,2023-04-23,1,Changed mind,22350.0,Approved
RT-00205,ORD-2023-004139,P-0207,2023-04-27,2,Changed mind,1400.0,Rejected
RT-00206,ORD-2023-004155,P-0870,2023-05-02,1,Expired product,800.0,Approved
RT-00207,ORD-2023-004208,P-0956,2023-04-23,1,Changed mind,63950.0,Rejected
RT-00208,ORD-2023-004211,P-0281,2023-04-25,2,Damaged in transit,24000.0,Pending
RT-00209,ORD-2023-004260,P-0511,2023-04-23,1,Defective on arrival,286350.0,Pending
RT-00210,ORD-2023-004261,P-0149,2023-04-29,1,Changed mind,3266.0,Approved
RT-00211,ORD-2023-004295,P-0502,2023-04-24,1,Changed mind,138900.0,Approved
RT-00212,ORD-2023-004304,P-1080,2023-04-25,1,Wrong size,32100.0,Approved
RT-00213,ORD-2023-004328,P-1147,2023-05-03,1,Damaged in transit,7250.0,Approved
RT-00214,ORD-2023-004340,P-0915,2023-05-06,1,Damaged in transit,8750.0,Approved
RT-00215,ORD-2023-004418,P-0530,2023-05-02,1,Changed mind,53650.0,Approved
RT-00216,ORD-2023-004419,P-0440,2023-04-29,1,Damaged in transit,81650.0,Approved
RT-00217,ORD-2023-004423,P-0791,2023-05-01,1,Expired product,1410.0,Approved
RT-00218,ORD-2023-004451,P-0132,2023-05-01,1,Expired product,7150.0,Approved
RT-00219,ORD-2023-004457,P-0211,2023-05-08,1,Changed mind,22050.0,Rejected
RT-00220,ORD-2023-004460,P-0609,2023-05-01,1,Changed mind,83800.0,Approved
RT-00221,ORD-2023-004469,P-0238,2023-05-01,1,Wrong item delivered,32150.0,Approved
RT-00222,ORD-2023-004475,P-0048,2023-05-01,1,Changed mind,1700.0,Approved
RT-00223,ORD-2023-004478,P-0581,2023-04-30,1,Changed mind,74550.0,Approved
RT-00224,ORD-2023-004499,P-0088,2023-05-11,1,Wrong item delivered,5100.0,Approved
RT-00225,ORD-2023-004517,P-0428,2023-05-01,1,Wrong item delivered,48950.0,Approved
RT-00226,ORD-2023-004551,P-0156,2023-04-30,1,Expired product,26450.0,Approved
RT-00227,ORD-2023-004584,P-0272,2023-05-12,3,Changed mind,2250.0,Approved
RT-00228,ORD-2023-004603,P-0982,2023-05-14,1,Wrong item delivered,98100.0,Approved
RT-00229,ORD-2023-004628,P-0714,2023-05-12,2,Damaged in transit,6700.0,Approved
RT-00230,ORD-2023-004639,P-0717,2023-05-05,1,Damaged in transit,18847.0,Rejected
RT-00231,ORD-2023-004698,P-0663,2023-05-12,1,Wrong item delivered,34450.0,Approved
RT-00232,ORD-2023-004728,P-0074,2023-05-06,1,Wrong item delivered,900.0,Approved
RT-00233,ORD-2023-004731,P-0060,2023-05-04,1,Changed mind,22950.0,Approved
RT-00234,ORD-2023-004747,P-0492,2023-05-06,1,Defective on arrival,99900.0,Approved
RT-00235,ORD-2023-004770,P-0848,2023-05-17,1,Damaged in transit,10400.0,Approved
RT-00236,ORD-2023-004805,P-0555,2023-05-09,1,Damaged in transit,176650.0,Approved
RT-00237,ORD-2023-004826,P-0258,2023-05-11,1,Changed mind,6150.0,Approved
RT-00238,ORD-2023-004830,P-0655,2023-05-13,1,Changed mind,27800.0,Approved
RT-00239,ORD-2023-004835,P-0534,2023-05-17,1,Changed mind,162100.0,Approved
RT-00240,ORD-2023-004842,P-0505,2023-05-14,1,Damaged in transit,727950.0,Approved
RT-00241,ORD-2023-004846,P-0155,2023-05-14,1,Changed mind,33800.0,Rejected
RT-00242,ORD-2023-004857,P-0363,2023-05-09,1,Wrong item delivered,17550.0,Rejected
RT-00243,ORD-2023-004869,P-0110,2023-05-16,1,Changed mind,1833.0,Approved
RT-00244,ORD-2023-004879,P-0444,2023-05-10,1,Wrong item delivered,40000.0,Pending
RT-00245,ORD-2023-004891,P-0956,2023-05-16,1,Wrong item delivered,63950.0,Rejected
RT-00246,ORD-2023-004911,P-0606,2023-05-22,1,Wrong item delivered,8600.0,Approved
RT-00247,ORD-2023-004913,P-0094,2023-05-10,1,Wrong item delivered,700.0,Approved
RT-00248,ORD-2023-004921,P-0565,2023-05-22,1,Wrong item delivered,2400.0,Approved
RT-00249,ORD-2023-004934,P-0752,2023-05-20,1,Expired product,8300.0,Approved
RT-00250,ORD-2023-004935,P-0794,2023-05-20,1,Changed mind,14628.0,Approved
RT-00251,ORD-2023-004994,P-0233,2023-05-25,1,Changed mind,1500.0,Approved
RT-00252,ORD-2023-005018,P-0483,2023-05-20,1,Changed mind,41700.0,Approved
RT-00253,ORD-2023-005024,P-0019,2023-05-23,2,Changed mind,6000.0,Approved
RT-00254,ORD-2023-005053,P-0619,2023-05-18,1,Expired product,29050.0,Approved
RT-00255,ORD-2023-005062,P-0200,2023-05-26,1,Changed mind,4900.0,Approved
RT-00256,ORD-2023-005065,P-0078,2023-05-19,1,Wrong item delivered,6950.0,Rejected
RT-00257,ORD-2023-005079,P-0244,2023-05-17,1,Changed mind,4000.0,Approved
RT-00258,ORD-2023-005100,P-0946,2023-05-23,1,Wrong item delivered,70300.0,Approved
RT-00259,ORD-2023-005133,P-0396,2023-05-23,1,Defective on arrival,79800.0,Approved
RT-00260,ORD-2023-005140,P-0913,2023-05-28,1,Expired product,3200.0,Approved
RT-00261,ORD-2023-005170,P-0482,2023-05-21,1,Wrong item delivered,81800.0,Approved
RT-00262,ORD-2023-005170,P-1063,2023-05-24,1,Changed mind,70750.0,Rejected
RT-00263,ORD-2023-005175,P-1045,2023-05-18,1,Changed mind,51850.0,Rejected
RT-00264,ORD-2023-005184,P-0768,2023-05-19,1,Expired product,13850.0,Approved
RT-00265,ORD-2023-005189,P-0361,2023-05-23,2,Changed mind,44700.0,Approved
RT-00266,ORD-2023-005220,P-0004,2023-05-19,1,Damaged in transit,32900.0,Approved
RT-00267,ORD-2023-005222,P-0834,2023-05-25,1,Damaged in transit,2850.0,Rejected
RT-00268,ORD-2023-005230,P-0911,2023-05-28,1,Changed mind,7300.0,Approved
RT-00269,ORD-2023-005247,P-0253,2023-05-29,1,Expired product,1200.0,Approved
RT-00270,ORD-2023-005254,P-0857,2023-05-27,1,Wrong item delivered,10400.0,Approved
RT-00271,ORD-2023-005267,P-0315,2023-05-25,1,Changed mind,250.0,Approved
RT-00272,ORD-2023-005274,P-0422,2023-05-21,1,Wrong item delivered,94500.0,Rejected
RT-00273,ORD-2023-005282,P-0104,2023-05-24,1,Expired product,33150.0,Approved
RT-00274,ORD-2023-005305,P-0475,2023-05-26,1,Damaged in transit,24700.0,Pending
RT-00275,ORD-2023-005322,P-0260,2023-05-30,3,Wrong item delivered,12300.0,Approved
RT-00276,ORD-2023-005337,P-1083,2023-05-22,1,Expired product,11050.0,Approved
RT-00277,ORD-2023-005346,P-0473,2023-05-31,2,Damaged in transit,819300.0,Pending
RT-00278,ORD-2023-005377,P-0700,2023-05-26,1,Wrong item delivered,31800.0,Rejected
RT-00279,ORD-2023-005443,P-0863,2023-05-28,1,Damaged in transit,4400.0,Rejected
RT-00280,ORD-2023-005446,P-0180,2023-05-31,1,Wrong item delivered,2944.0,Approved
RT-00281,ORD-2023-005457,P-0428,2023-05-26,1,Damaged in transit,48950.0,Approved
RT-00282,ORD-2023-005477,P-0453,2023-05-31,1,Changed mind,234500.0,Approved
RT-00283,ORD-2023-005482,P-0855,2023-06-03,1,Damaged in transit,4450.0,Approved
RT-00284,ORD-2023-005507,P-1010,2023-06-03,1,Quality below expectation,90750.0,Approved
RT-00285,ORD-2023-005529,P-0513,2023-05-29,1,Wrong item delivered,50550.0,Approved
RT-00286,ORD-2023-005568,P-0570,2023-06-07,1,Damaged in transit,13816.0,Approved
RT-00287,ORD-2023-005572,P-1180,2023-06-01,1,Wrong item delivered,10384.0,Approved
RT-00288,ORD-2023-005578,P-0465,2023-06-02,2,Damaged in transit,78900.0,Pending
RT-00289,ORD-2023-005584,P-0428,2023-06-03,1,Changed mind,48950.0,Approved
RT-00290,ORD-2023-005588,P-0349,2023-06-08,1,Changed mind,4576.0,Pending
RT-00291,ORD-2023-005639,P-0428,2023-06-03,1,Damaged in transit,43076.0,Approved
RT-00292,ORD-2023-005639,P-0449,2023-05-29,1,Damaged in transit,81928.0,Pending
RT-00293,ORD-2023-005642,P-0937,2023-06-01,1,Wrong item delivered,67848.0,Approved
RT-00294,ORD-2023-005678,P-1035,2023-06-05,1,Changed mind,100250.0,Approved
RT-00295,ORD-2023-005680,P-1043,2023-06-08,1,Wrong item delivered,22572.0,Rejected
RT-00296,ORD-2023-005718,P-1037,2023-06-04,1,Changed mind,76950.0,Approved
RT-00297,ORD-2023-005720,P-0410,2023-06-02,1,Defective on arrival,141550.0,Approved
RT-00298,ORD-2023-005753,P-0054,2023-06-07,3,Wrong item delivered,5280.0,Approved
RT-00299,ORD-2023-005768,P-0493,2023-06-05,1,Wrong item delivered,41624.0,Approved
RT-00300,ORD-2023-005822,P-0461,2023-06-09,1,Damaged in transit,73850.0,Approved
RT-00301,ORD-2023-005836,P-0765,2023-06-14,1,Changed mind,5500.0,Approved
RT-00302,ORD-2023-005837,P-0973,2023-06-09,1,Quality below expectation,60808.0,Approved
RT-00303,ORD-2023-005843,P-0224,2023-06-07,1,Wrong item delivered,1000.0,Pending
RT-00304,ORD-2023-005864,P-0237,2023-06-04,2,Expired product,4500.0,Approved
RT-00305,ORD-2023-005908,P-0975,2023-06-11,1,Quality below expectation,54824.0,Approved
RT-00306,ORD-2023-005913,P-0975,2023-06-12,1,Wrong item delivered,54824.0,Approved
RT-00307,ORD-2023-005928,P-1080,2023-06-13,1,Wrong size,32100.0,Approved
RT-00308,ORD-2023-005940,P-1120,2023-06-10,1,Changed mind,15576.0,Approved
RT-00309,ORD-2023-005950,P-1037,2023-06-14,3,Wrong item delivered,230850.0,Rejected
RT-00310,ORD-2023-005961,P-0586,2023-06-11,1,Changed mind,5950.0,Approved
RT-00311,ORD-2023-006040,P-0349,2023-06-12,1,Expired product,5200.0,Approved
RT-00312,ORD-2023-006094,P-1026,2023-06-09,1,Quality below expectation,66800.0,Approved
RT-00313,ORD-2023-006121,P-0471,2023-06-22,1,Damaged in transit,587500.0,Approved
RT-00314,ORD-2023-006147,P-1038,2023-06-12,1,Wrong item delivered,25250.0,Approved
RT-00315,ORD-2023-006237,P-0732,2023-06-21,1,Changed mind,1200.0,Approved
RT-00316,ORD-2023-006288,P-0746,2023-06-25,2,Changed mind,9600.0,Approved
RT-00317,ORD-2023-006307,P-0797,2023-06-21,1,Wrong item delivered,2050.0,Approved
RT-00318,ORD-2023-006332,P-0508,2023-06-17,1,Wrong item delivered,93700.0,Approved
RT-00319,ORD-2023-006335,P-1029,2023-06-27,1,Wrong size,105050.0,Approved
RT-00320,ORD-2023-006355,P-0294,2023-06-28,1,Wrong item delivered,9500.0,Approved
RT-00321,ORD-2023-006364,P-1012,2023-06-24,1,Wrong size,82550.0,Approved
RT-00322,ORD-2023-006392,P-0640,2023-06-21,1,Expired product,14400.0,Approved
RT-00323,ORD-2023-006437,P-0708,2023-06-23,1,Wrong item delivered,2209.0,Approved
RT-00324,ORD-2023-006453,P-0823,2023-06-22,1,Damaged in transit,2850.0,Approved
RT-00325,ORD-2023-006457,P-1065,2023-06-18,1,Quality below expectation,67150.0,Approved
RT-00326,ORD-2023-006490,P-1128,2023-06-22,1,Wrong item delivered,27800.0,Approved
RT-00327,ORD-2023-006499,P-1055,2023-06-22,1,Quality below expectation,24800.0,Approved
RT-00328,ORD-2023-006572,P-0479,2023-06-29,1,Changed mind,174750.0,Approved
RT-00329,ORD-2023-006579,P-0208,2023-06-25,2,Damaged in transit,16700.0,Pending
RT-00330,ORD-2023-006607,P-1149,2023-06-28,1,Damaged in transit,15300.0,Approved
RT-00331,ORD-2023-006618,P-0674,2023-07-01,1,Changed mind,5900.0,Approved
RT-00332,ORD-2023-006632,P-0932,2023-06-29,1,Wrong item delivered,98500.0,Pending
RT-00333,ORD-2023-006634,P-1056,2023-06-26,1,Changed mind,7600.0,Approved
RT-00334,ORD-2023-006667,P-0963,2023-06-30,1,Wrong item delivered,91900.0,Approved
RT-00335,ORD-2023-006674,P-0672,2023-06-27,1,Damaged in transit,53150.0,Approved
RT-00336,ORD-2023-006676,P-0474,2023-07-02,1,Defective on arrival,362500.0,Approved
RT-00337,ORD-2023-006735,P-0583,2023-07-03,1,Changed mind,3350.0,Approved
RT-00338,ORD-2023-006740,P-0298,2023-07-08,1,Wrong item delivered,5150.0,Approved
RT-00339,ORD-2023-006753,P-0129,2023-06-25,2,Damaged in transit,24400.0,Approved
RT-00340,ORD-2023-006826,P-1185,2023-07-07,1,Changed mind,21200.0,Approved
RT-00341,ORD-2023-006849,P-0483,2023-07-05,1,Changed mind,41700.0,Approved
RT-00342,ORD-2023-006898,P-0528,2023-07-09,1,Wrong item delivered,391850.0,Approved
RT-00343,ORD-2023-006967,P-0864,2023-07-05,1,Wrong item delivered,14200.0,Pending
RT-00344,ORD-2023-006967,P-0276,2023-07-05,1,Wrong item delivered,3150.0,Approved
RT-00345,ORD-2023-006968,P-0302,2023-07-03,3,Changed mind,6150.0,Approved
RT-00346,ORD-2023-007015,P-0968,2023-07-11,1,Quality below expectation,75950.0,Approved
RT-00347,ORD-2023-007031,P-0102,2023-07-10,1,Changed mind,14200.0,Approved
RT-00348,ORD-2023-007067,P-0156,2023-07-04,1,Expired product,26450.0,Approved
RT-00349,ORD-2023-007104,P-0078,2023-07-15,2,Expired product,13900.0,Approved
RT-00350,ORD-2023-007115,P-0523,2023-07-04,1,Wrong item delivered,638863.5,Approved
RT-00351,ORD-2023-007138,P-0253,2023-07-08,2,Wrong item delivered,2184.0,Approved
RT-00352,ORD-2023-007142,P-0303,2023-07-12,1,Changed mind,7900.0,Approved
RT-00353,ORD-2023-007147,P-0088,2023-07-07,1,Expired product,4794.0,Approved
RT-00354,ORD-2023-007178,P-0450,2023-07-06,1,Changed mind,318150.0,Approved
RT-00355,ORD-2023-007186,P-0939,2023-07-10,1,Wrong item delivered,146200.0,Approved
RT-00356,ORD-2023-007205,P-1049,2023-07-13,1,Wrong item delivered,14000.0,Rejected
RT-00357,ORD-2023-007207,P-1017,2023-07-08,1,Quality below expectation,49950.0,Pending
RT-00358,ORD-2023-007262,P-1148,2023-07-08,1,Expired product,26100.0,Approved
RT-00359,ORD-2023-007265,P-1012,2023-07-13,1,Changed mind,82550.0,Rejected
RT-00360,ORD-2023-007294,P-0592,2023-07-10,2,Wrong item delivered,45200.0,Approved
RT-00361,ORD-2023-007304,P-0088,2023-07-19,1,Changed mind,5100.0,Approved
RT-00362,ORD-2023-007319,P-0025,2023-07-20,1,Damaged in transit,14300.0,Approved
RT-00363,ORD-2023-007416,P-0512,2023-07-16,1,Damaged in transit,52950.0,Approved
RT-00364,ORD-2023-007417,P-0506,2023-07-22,1,Wrong item delivered,839500.0,Approved
RT-00365,ORD-2023-007475,P-0309,2023-07-24,2,Changed mind,4700.0,Approved
RT-00366,ORD-2023-007507,P-0222,2023-07-20,1,Wrong item delivered,5400.0,Rejected
RT-00367,ORD-2023-007507,P-0329,2023-07-16,2,Damaged in transit,5700.0,Approved
RT-00368,ORD-2023-007521,P-1020,2023-07-24,1,Quality below expectation,44600.0,Approved
RT-00369,ORD-2023-007554,P-0768,2023-07-19,1,Changed mind,12465.0,Approved
RT-00370,ORD-2023-007564,P-0957,2023-07-14,1,Wrong item delivered,87250.0,Approved
RT-00371,ORD-2023-007570,P-0127,2023-07-24,1,Changed mind,3800.0,Approved
RT-00372,ORD-2023-007604,P-0306,2023-07-16,5,Expired product,57500.0,Approved
RT-00373,ORD-2023-007634,P-0210,2023-07-20,1,Expired product,24200.0,Rejected
RT-00374,ORD-2023-007640,P-0390,2023-07-21,1,Defective on arrival,72225.0,Approved
RT-00375,ORD-2023-007650,P-0129,2023-07-21,1,Damaged in transit,12200.0,Approved
RT-00376,ORD-2023-007660,P-0777,2023-07-26,1,Damaged in transit,10600.0,Approved
RT-00377,ORD-2023-007683,P-1149,2023-07-26,1,Expired product,14229.0,Approved
RT-00378,ORD-2023-007686,P-0509,2023-07-18,3,Wrong item delivered,2000700.0,Approved
RT-00379,ORD-2023-007692,P-0146,2023-07-20,1,Damaged in transit,4400.0,Pending
RT-00380,ORD-2023-007721,P-0546,2023-07-24,1,Damaged in transit,87660.0,Approved
RT-00381,ORD-2023-007786,P-0046,2023-08-01,1,Expired product,4250.0,Approved
RT-00382,ORD-2023-007819,P-0747,2023-07-29,1,Changed mind,14950.0,Approved
RT-00383,ORD-2023-007820,P-0219,2023-07-31,1,Changed mind,3600.0,Pending
RT-00384,ORD-2023-007837,P-0984,2023-07-29,2,Wrong item delivered,206500.0,Rejected
RT-00385,ORD-2023-007847,P-0283,2023-07-23,1,Damaged in transit,4900.0,Approved
RT-00386,ORD-2023-007848,P-0729,2023-07-30,1,Wrong item delivered,5650.0,Approved
RT-00387,ORD-2023-007886,P-0371,2023-07-24,1,Changed mind,4400.0,Approved
RT-00388,ORD-2023-007914,P-0544,2023-07-26,1,Damaged in transit,159700.0,Approved
RT-00389,ORD-2023-007985,P-1107,2023-08-07,1,Expired product,2400.0,Approved
RT-00390,ORD-2023-008026,P-0400,2023-07-26,1,Wrong item delivered,91350.0,Approved
RT-00391,ORD-2023-008090,P-0446,2023-08-06,1,Wrong item delivered,338600.0,Approved
RT-00392,ORD-2023-008110,P-0189,2023-08-08,1,Damaged in transit,2850.0,Rejected
RT-00393,ORD-2023-008122,P-0194,2023-08-09,1,Damaged in transit,10300.0,Approved
RT-00394,ORD-2023-008147,P-0559,2023-08-06,1,Changed mind,94100.0,Approved
RT-00395,ORD-2023-008149,P-0551,2023-08-08,1,Wrong item delivered,12300.0,Pending
RT-00396,ORD-2023-008165,P-0259,2023-08-10,1,Changed mind,3300.0,Approved
RT-00397,ORD-2023-008227,P-0834,2023-07-30,1,Changed mind,2850.0,Rejected
RT-00398,ORD-2023-008228,P-0649,2023-08-05,2,Expired product,15600.0,Rejected
RT-00399,ORD-2023-008257,P-0191,2023-08-12,1,Changed mind,10050.0,Approved
RT-00400,ORD-2023-008278,P-0550,2023-07-30,1,Changed mind,131350.0,Approved
RT-00401,ORD-2023-008312,P-0401,2023-08-02,2,Changed mind,469300.0,Approved
RT-00402,ORD-2023-008326,P-0985,2023-07-31,1,Wrong item delivered,65650.0,Approved
RT-00403,ORD-2023-008368,P-0294,2023-08-15,1,Damaged in transit,9500.0,Approved
RT-00404,ORD-2023-008372,P-0119,2023-08-08,1,Wrong item delivered,1350.0,Approved
RT-00405,ORD-2023-008384,P-0084,2023-08-12,2,Damaged in transit,13800.0,Approved
RT-00406,ORD-2023-008402,P-0416,2023-08-12,1,Wrong item delivered,84200.0,Pending
RT-00407,ORD-2023-008407,P-1133,2023-08-10,1,Wrong item delivered,21750.0,Approved
RT-00408,ORD-2023-008408,P-0448,2023-08-07,1,Changed mind,370300.0,Pending
RT-00409,ORD-2023-008418,P-0359,2023-08-15,1,Damaged in transit,3150.0,Pending
RT-00410,ORD-2023-008481,P-1034,2023-08-14,1,Quality below expectation,35150.0,Approved
RT-00411,ORD-2023-008490,P-0304,2023-08-12,1,Wrong item delivered,3900.0,Approved
RT-00412,ORD-2023-008505,P-1096,2023-08-11,1,Changed mind,8950.0,Approved
RT-00413,ORD-2023-008513,P-0329,2023-08-18,1,Damaged in transit,2850.0,Pending
RT-00414,ORD-2023-008514,P-0671,2023-08-16,1,Damaged in transit,62550.0,Approved
RT-00415,ORD-2023-008529,P-0024,2023-08-09,1,Wrong item delivered,1850.0,Approved
RT-00416,ORD-2023-008584,P-0700,2023-08-11,1,Damaged in transit,31800.0,Approved
RT-00417,ORD-2023-008600,P-0970,2023-08-08,1,Changed mind,43150.0,Approved
RT-00418,ORD-2023-008602,P-0173,2023-08-20,1,Wrong item delivered,12550.0,Rejected
RT-00419,ORD-2023-008630,P-0004,2023-08-16,1,Damaged in transit,32900.0,Approved
RT-00420,ORD-2023-008643,P-0049,2023-08-08,1,Damaged in transit,38750.0,Approved
RT-00421,ORD-2023-008669,P-0169,2023-08-12,1,Expired product,2150.0,Rejected
RT-00422,ORD-2023-008676,P-1007,2023-08-14,1,Quality below expectation,91450.0,Approved
RT-00423,ORD-2023-008720,P-1053,2023-08-14,1,Wrong size,70550.0,Approved
RT-00424,ORD-2023-008763,P-0459,2023-08-22,1,Defective on arrival,78537.0,Approved
RT-00425,ORD-2023-008783,P-1181,2023-08-17,1,Expired product,15550.0,Approved
RT-00426,ORD-2023-008886,P-1024,2023-08-21,1,Wrong item delivered,14650.0,Approved
RT-00427,ORD-2023-008917,P-0778,2023-08-27,1,Damaged in transit,11550.0,Approved
RT-00428,ORD-2023-008951,P-0207,2023-08-20,1,Changed mind,700.0,Approved
RT-00429,ORD-2023-008977,P-0704,2023-08-26,1,Wrong item delivered,84650.0,Approved
RT-00430,ORD-2023-009032,P-0995,2023-08-19,1,Quality below expectation,117800.0,Approved
RT-00431,ORD-2023-009034,P-1131,2023-08-30,1,Damaged in transit,4250.0,Approved
RT-00432,ORD-2023-009054,P-1070,2023-08-22,1,Quality below expectation,92150.0,Approved
RT-00433,ORD-2023-009088,P-0489,2023-08-22,1,Defective on arrival,45350.0,Approved
RT-00434,ORD-2023-009101,P-0075,2023-08-27,1,Expired product,2400.0,Approved
RT-00435,ORD-2023-009119,P-0121,2023-08-30,1,Wrong item delivered,36100.0,Approved
RT-00436,ORD-2023-009125,P-1059,2023-08-30,1,Wrong size,41050.0,Approved
RT-00437,ORD-2023-009142,P-0061,2023-08-24,1,Changed mind,6400.0,Approved
RT-00438,ORD-2023-009167,P-0140,2023-08-27,2,Wrong item delivered,4200.0,Approved
RT-00439,ORD-2023-009198,P-0219,2023-08-30,1,Damaged in transit,3600.0,Approved
RT-00440,ORD-2023-009279,P-0541,2023-08-29,1,Damaged in transit,327650.0,Approved
RT-00441,ORD-2023-009284,P-0429,2023-09-06,1,Wrong item delivered,147250.0,Approved
RT-00442,ORD-2023-009300,P-0134,2023-08-28,1,Changed mind,10850.0,Approved
RT-00443,ORD-2023-009306,P-0448,2023-09-01,1,Defective on arrival,370300.0,Approved
RT-00444,ORD-2023-009312,P-1055,2023-09-08,1,Wrong size,24800.0,Approved
RT-00445,ORD-2023-009313,P-0788,2023-09-05,1,Damaged in transit,4000.0,Rejected
RT-00446,ORD-2023-009316,P-1058,2023-08-30,1,Quality below expectation,24100.0,Approved
RT-00447,ORD-2023-009343,P-0179,2023-08-27,2,Expired product,7200.0,Approved
RT-00448,ORD-2023-009379,P-0093,2023-09-04,2,Wrong item delivered,2000.0,Approved
RT-00449,ORD-2023-009392,P-0253,2023-09-04,2,Wrong item delivered,2400.0,Rejected
RT-00450,ORD-2023-009397,P-0728,2023-09-01,1,Expired product,60403.5,Approved
RT-00451,ORD-2023-009452,P-0357,2023-09-10,1,Changed mind,35350.0,Approved
RT-00452,ORD-2023-009465,P-0849,2023-08-31,1,Damaged in transit,9500.0,Pending
RT-00453,ORD-2023-009471,P-0886,2023-09-06,1,Expired product,950.0,Approved
RT-00454,ORD-2023-009518,P-0903,2023-09-06,1,Wrong item delivered,3350.0,Approved
RT-00455,ORD-2023-009523,P-0942,2023-09-02,1,Changed mind,60200.0,Approved
RT-00456,ORD-2023-009553,P-1131,2023-09-08,1,Wrong item delivered,4250.0,Approved
RT-00457,ORD-2023-009634,P-0600,2023-09-06,1,Wrong item delivered,9100.0,Approved
RT-00458,ORD-2023-009643,P-0362,2023-09-10,1,Changed mind,2500.0,Approved
RT-00459,ORD-2023-009721,P-0050,2023-09-09,1,Wrong item delivered,7200.0,Approved
RT-00460,ORD-2023-009732,P-0795,2023-09-14,1,Expired product,1450.0,Rejected
RT-00461,ORD-2023-009758,P-1065,2023-09-06,1,Wrong item delivered,67150.0,Approved
RT-00462,ORD-2023-009772,P-1007,2023-09-17,1,Changed mind,73160.0,Approved
RT-00463,ORD-2023-009776,P-0113,2023-09-16,1,Changed mind,3200.0,Rejected
RT-00464,ORD-2023-009877,P-0800,2023-09-17,1,Damaged in transit,6000.0,Approved
RT-00465,ORD-2023-009878,P-1161,2023-09-13,1,Wrong item delivered,20650.0,Approved
RT-00466,ORD-2023-009915,P-0046,2023-09-09,1,Changed mind,4250.0,Approved
RT-00467,ORD-2023-009935,P-0392,2023-09-16,1,Wrong item delivered,231600.0,Approved
RT-00468,ORD-2023-009936,P-1052,2023-09-14,1,Changed mind,32050.0,Pending
RT-00469,ORD-2023-009942,P-0201,2023-09-12,1,Damaged in transit,1500.0,Approved
RT-00470,ORD-2023-009947,P-0801,2023-09-23,1,Changed mind,8350.0,Approved
RT-00471,ORD-2023-009954,P-0838,2023-09-14,1,Expired product,3400.0,Approved
RT-00472,ORD-2023-009974,P-0946,2023-09-17,1,Wrong item delivered,70300.0,Approved
RT-00473,ORD-2023-009975,P-0936,2023-09-12,1,Quality below expectation,96050.0,Approved
RT-00474,ORD-2023-009990,P-0900,2023-09-22,1,Changed mind,7350.0,Approved
RT-00475,ORD-2023-009997,P-1143,2023-09-22,1,Damaged in transit,56550.0,Approved
RT-00476,ORD-2023-010047,P-0055,2023-09-16,2,Damaged in transit,36000.0,Approved
RT-00477,ORD-2023-010056,P-0638,2023-09-18,1,Changed mind,8350.0,Approved
RT-00478,ORD-2023-010073,P-0080,2023-09-14,1,Damaged in transit,6100.0,Approved
RT-00479,ORD-2023-010081,P-0322,2023-09-14,1,Expired product,39350.0,Approved
RT-00480,ORD-2023-010100,P-0045,2023-09-27,1,Changed mind,4400.0,Approved
RT-00481,ORD-2023-010113,P-0048,2023-09-23,1,Wrong item delivered,1700.0,Approved
RT-00482,ORD-2023-010125,P-0976,2023-09-15,1,Wrong item delivered,84080.0,Approved
RT-00483,ORD-2023-010147,P-0036,2023-09-25,1,Damaged in transit,1395.0,Approved
RT-00484,ORD-2023-010147,P-0025,2023-09-20,1,Expired product,14300.0,Approved
RT-00485,ORD-2023-010152,P-0782,2023-09-27,1,Changed mind,7000.0,Approved
RT-00486,ORD-2023-010152,P-1075,2023-09-22,1,Quality below expectation,15680.0,Approved
RT-00487,ORD-2023-010257,P-1038,2023-09-26,1,Quality below expectation,25250.0,Approved
RT-00488,ORD-2023-010267,P-0994,2023-09-24,1,Wrong item delivered,103776.0,Pending
RT-00489,ORD-2023-010276,P-0721,2023-09-22,1,Damaged in transit,25450.0,Rejected
RT-00490,ORD-2023-010283,P-0074,2023-10-02,1,Changed mind,900.0,Approved
RT-00491,ORD-2023-010294,P-1018,2023-09-25,1,Wrong size,93200.0,Approved
RT-00492,ORD-2023-010309,P-0638,2023-09-29,1,Damaged in transit,8350.0,Pending
RT-00493,ORD-2023-010331,P-0785,2023-10-04,1,Damaged in transit,9800.0,Approved
RT-00494,ORD-2023-010392,P-0511,2023-10-04,1,Damaged in transit,286350.0,Approved
RT-00495,ORD-2023-010408,P-0762,2023-10-06,1,Changed mind,25000.0,Approved
RT-00496,ORD-2023-010416,P-0878,2023-10-04,1,Expired product,1300.0,Approved
RT-00497,ORD-2023-010433,P-0396,2023-09-29,2,Damaged in transit,159600.0,Approved
RT-00498,ORD-2023-010457,P-0104,2023-09-26,1,Damaged in transit,33150.0,Approved
RT-00499,ORD-2023-010469,P-0077,2023-09-28,1,Changed mind,2250.0,Approved
RT-00500,ORD-2023-010479,P-0277,2023-10-06,2,Damaged in transit,5600.0,Approved
RT-00501,ORD-2023-010483,P-0568,2023-10-02,1,Damaged in transit,38650.0,Approved
RT-00502,ORD-2023-010496,P-0513,2023-10-03,2,Changed mind,101100.0,Approved
RT-00503,ORD-2023-010512,P-0071,2023-09-30,1,Wrong item delivered,11500.0,Approved
RT-00504,ORD-2023-010514,P-0836,2023-10-03,1,Wrong item delivered,1050.0,Approved
RT-00505,ORD-2023-010533,P-0984,2023-09-28,1,Wrong item delivered,103250.0,Pending
RT-00506,ORD-2023-010582,P-0875,2023-10-09,1,Wrong item delivered,3250.0,Approved
RT-00507,ORD-2023-010611,P-0625,2023-10-03,1,Damaged in transit,62100.0,Rejected
RT-00508,ORD-2023-010611,P-0482,2023-10-06,1,Changed mind,81800.0,Approved
RT-00509,ORD-2023-010640,P-0297,2023-09-28,2,Changed mind,15100.0,Pending
RT-00510,ORD-2023-010660,P-0699,2023-09-30,1,Changed mind,57050.0,Approved
RT-00511,ORD-2023-010673,P-0949,2023-10-02,1,Wrong item delivered,84250.0,Approved
RT-00512,ORD-2023-010675,P-0581,2023-10-09,1,Changed mind,74550.0,Approved
RT-00513,ORD-2023-010685,P-0910,2023-10-07,1,Expired product,10650.0,Approved
RT-00514,ORD-2023-010686,P-0533,2023-10-01,1,Wrong item delivered,153350.0,Approved
RT-00515,ORD-2023-010755,P-0011,2023-10-12,1,Expired product,9550.0,Approved
RT-00516,ORD-2023-010769,P-0398,2023-10-05,1,Damaged in transit,42400.0,Approved
RT-00517,ORD-2023-010769,P-1081,2023-10-12,1,Changed mind,18100.0,Approved
RT-00518,ORD-2023-010787,P-0030,2023-10-03,1,Wrong item delivered,2400.0,Approved
RT-00519,ORD-2023-010832,P-0429,2023-10-06,1,Damaged in transit,147250.0,Rejected
RT-00520,ORD-2023-010834,P-0486,2023-10-12,1,Changed mind,218600.0,Approved
RT-00521,ORD-2023-010836,P-1066,2023-10-01,1,Quality below expectation,31550.0,Approved
RT-00522,ORD-2023-010886,P-0535,2023-10-14,1,Changed mind,34350.0,Approved
RT-00523,ORD-2023-010895,P-0466,2023-10-12,1,Changed mind,71950.0,Approved
RT-00524,ORD-2023-010904,P-1052,2023-10-14,1,Changed mind,32050.0,Rejected
RT-00525,ORD-2023-010937,P-0714,2023-10-08,1,Expired product,3350.0,Approved
RT-00526,ORD-2023-010961,P-0236,2023-10-08,1,Expired product,1800.0,Approved
RT-00527,ORD-2023-010964,P-0939,2023-10-12,1,Wrong item delivered,146200.0,Rejected
RT-00528,ORD-2023-010974,P-0459,2023-10-09,1,Wrong item delivered,83550.0,Approved
RT-00529,ORD-2023-010978,P-0553,2023-10-11,1,Defective on arrival,7450.0,Rejected
RT-00530,ORD-2023-010990,P-0272,2023-10-11,1,Changed mind,750.0,Approved
RT-00531,ORD-2023-011003,P-0841,2023-10-18,1,Damaged in transit,4350.0,Pending
RT-00532,ORD-2023-011008,P-0668,2023-10-17,2,Changed mind,38000.0,Approved
RT-00533,ORD-2023-011032,P-0260,2023-10-12,1,Wrong item delivered,4100.0,Approved
RT-00534,ORD-2023-011057,P-0904,2023-10-10,1,Changed mind,1700.0,Approved
RT-00535,ORD-2023-011076,P-0506,2023-10-16,1,Damaged in transit,839500.0,Pending
RT-00536,ORD-2023-011077,P-0364,2023-10-10,1,Expired product,1100.0,Approved
RT-00537,ORD-2023-011079,P-0839,2023-10-16,1,Expired product,21700.0,Approved
RT-00538,ORD-2023-011133,P-1000,2023-10-19,1,Changed mind,34850.0,Pending
RT-00539,ORD-2023-011145,P-0014,2023-10-21,1,Wrong item delivered,950.0,Approved
RT-00540,ORD-2023-011146,P-0181,2023-10-21,1,Wrong item delivered,900.0,Approved
RT-00541,ORD-2023-011188,P-0448,2023-10-20,1,Damaged in transit,370300.0,Approved
RT-00542,ORD-2023-011188,P-1033,2023-10-22,1,Wrong item delivered,79050.0,Approved
RT-00543,ORD-2023-011200,P-0304,2023-10-19,1,Wrong item delivered,3900.0,Approved
RT-00544,ORD-2023-011214,P-0121,2023-10-14,1,Changed mind,36100.0,Approved
RT-00545,ORD-2023-011244,P-0435,2023-10-21,1,Defective on arrival,68700.0,Approved
RT-00546,ORD-2023-011314,P-0502,2023-10-23,1,Wrong item delivered,138900.0,Approved
RT-00547,ORD-2023-011354,P-0146,2023-10-25,1,Damaged in transit,4400.0,Approved
RT-00548,ORD-2023-011356,P-0955,2023-10-22,1,Wrong item delivered,35550.0,Pending
RT-00549,ORD-2023-011497,P-0178,2023-10-22,1,Wrong item delivered,15350.0,Approved
RT-00550,ORD-2023-011514,P-0729,2023-10-21,1,Wrong item delivered,5650.0,Approved
RT-00551,ORD-2023-011544,P-0966,2023-11-02,1,Wrong size,76200.0,Approved
RT-00552,ORD-2023-011580,P-0985,2023-10-22,1,Wrong size,65650.0,Pending
RT-00553,ORD-2023-011581,P-1014,2023-11-03,1,Quality below expectation,23406.0,Approved
RT-00554,ORD-2023-011595,P-0068,2023-10-30,1,Expired product,4900.0,Pending
RT-00555,ORD-2023-011640,P-0951,2023-10-29,2,Changed mind,31200.0,Pending
RT-00556,ORD-2023-011671,P-0467,2023-10-24,1,Defective on arrival,766550.0,Approved
RT-00557,ORD-2023-011671,P-0225,2023-10-25,1,Wrong item delivered,7600.0,Approved
RT-00558,ORD-2023-011747,P-0211,2023-10-30,1,Changed mind,22050.0,Approved
RT-00559,ORD-2023-011752,P-0088,2023-10-29,2,Expired product,10200.0,Approved
RT-00560,ORD-2023-011754,P-0247,2023-11-05,1,Changed mind,4300.0,Approved
RT-00561,ORD-2023-011775,P-0455,2023-11-01,1,Defective on arrival,111350.0,Pending
RT-00562,ORD-2023-011798,P-0185,2023-10-28,1,Expired product,12600.0,Approved
RT-00563,ORD-2023-011825,P-0315,2023-11-02,1,Expired product,250.0,Approved
RT-00564,ORD-2023-011830,P-0475,2023-10-31,1,Changed mind,24700.0,Rejected
RT-00565,ORD-2023-011837,P-0759,2023-11-06,1,Damaged in transit,1400.0,Approved
RT-00566,ORD-2023-011858,P-0465,2023-11-09,1,Changed mind,39450.0,Approved
RT-00567,ORD-2023-011897,P-1069,2023-11-01,1,Wrong size,38400.0,Approved
RT-00568,ORD-2023-011912,P-0471,2023-11-01,1,Damaged in transit,587500.0,Approved
RT-00569,ORD-2023-011921,P-0403,2023-11-02,1,Defective on arrival,577600.0,Approved
RT-00570,ORD-2023-011924,P-0001,2023-11-10,1,Changed mind,3100.0,Approved
RT-00571,ORD-2023-011944,P-0207,2023-11-10,2,Damaged in transit,1400.0,Approved
RT-00572,ORD-2023-011966,P-0818,2023-11-07,2,Changed mind,9200.0,Approved
RT-00573,ORD-2023-012003,P-0126,2023-11-07,1,Damaged in transit,1850.0,Approved
RT-00574,ORD-2023-012004,P-0187,2023-11-03,1,Damaged in transit,2950.0,Approved
RT-00575,ORD-2023-012006,P-0887,2023-10-31,1,Expired product,5500.0,Approved
RT-00576,ORD-2023-012050,P-0490,2023-11-11,1,Changed mind,123800.0,Rejected
RT-00577,ORD-2023-012136,P-0199,2023-11-07,1,Wrong item delivered,3000.0,Approved
RT-00578,ORD-2023-012144,P-0957,2023-11-07,1,Quality below expectation,87250.0,Approved
RT-00579,ORD-2023-012159,P-1075,2023-11-12,1,Changed mind,19600.0,Rejected
RT-00580,ORD-2023-012186,P-0081,2023-11-04,1,Expired product,4200.0,Approved
RT-00581,ORD-2023-012198,P-0933,2023-11-11,1,Changed mind,11100.0,Approved
RT-00582,ORD-2023-012201,P-0084,2023-11-05,2,Wrong item delivered,13800.0,Approved
RT-00583,ORD-2023-012214,P-0349,2023-11-07,1,Expired product,5200.0,Rejected
RT-00584,ORD-2023-012234,P-0554,2023-11-11,1,Changed mind,52000.0,Approved
RT-00585,ORD-2023-012235,P-0447,2023-11-10,1,Wrong item delivered,81050.0,Approved
RT-00586,ORD-2023-012236,P-0535,2023-11-15,1,Changed mind,34350.0,Approved
RT-00587,ORD-2023-012238,P-0531,2023-11-07,2,Defective on arrival,119100.0,Approved
RT-00588,ORD-2023-012242,P-0018,2023-11-14,1,Wrong item delivered,3800.0,Rejected
RT-00589,ORD-2023-012244,P-0787,2023-11-17,1,Expired product,12300.0,Approved
RT-00590,ORD-2023-012273,P-0154,2023-11-17,1,Changed mind,4750.0,Approved
RT-00591,ORD-2023-012290,P-0058,2023-11-19,1,Changed mind,5900.0,Rejected
RT-00592,ORD-2023-012321,P-0451,2023-11-21,1,Changed mind,324300.0,Approved
RT-00593,ORD-2023-012334,P-0386,2023-11-19,1,Changed mind,156000.0,Approved
RT-00594,ORD-2023-012352,P-1165,2023-11-16,1,Expired product,6850.0,Approved
RT-00595,ORD-2023-012404,P-0424,2023-11-20,1,Wrong item delivered,397050.0,Approved
RT-00596,ORD-2023-012493,P-0823,2023-11-24,1,Damaged in transit,2850.0,Approved
RT-00597,ORD-2023-012522,P-0580,2023-11-18,1,Expired product,8850.0,Rejected
RT-00598,ORD-2023-012532,P-0530,2023-11-22,1,Changed mind,53650.0,Approved
RT-00599,ORD-2023-012554,P-0229,2023-11-22,1,Changed mind,750.0,Approved
RT-00600,ORD-2023-012579,P-0984,2023-11-18,2,Wrong size,206500.0,Rejected
RT-00601,ORD-2023-012608,P-0891,2023-11-23,1,Wrong item delivered,4950.0,Approved
RT-00602,ORD-2023-012609,P-0556,2023-11-26,1,Wrong item delivered,91600.0,Approved
RT-00603,ORD-2023-012615,P-0021,2023-11-17,1,Damaged in transit,23700.0,Approved
RT-00604,ORD-2023-012673,P-0501,2023-11-29,1,Damaged in transit,179800.0,Approved
RT-00605,ORD-2023-012677,P-0485,2023-11-24,1,Wrong item delivered,278200.0,Approved
RT-00606,ORD-2023-012693,P-0262,2023-11-22,1,Damaged in transit,350.0,Approved
RT-00607,ORD-2023-012708,P-0422,2023-11-27,1,Defective on arrival,94500.0,Approved
RT-00608,ORD-2023-012710,P-1057,2023-11-26,1,Wrong item delivered,89300.0,Approved
RT-00609,ORD-2023-012759,P-0203,2023-11-30,1,Wrong item delivered,500.0,Approved
RT-00610,ORD-2023-012762,P-0968,2023-12-02,1,Wrong item delivered,75950.0,Pending
RT-00611,ORD-2023-012764,P-1051,2023-12-02,1,Wrong item delivered,17800.0,Approved
RT-00612,ORD-2023-012766,P-1123,2023-11-26,1,Damaged in transit,34400.0,Approved
RT-00613,ORD-2023-012862,P-0350,2023-11-24,1,Changed mind,3255.0,Pending
RT-00614,ORD-2023-012887,P-0968,2023-11-30,1,Changed mind,53165.0,Approved
RT-00615,ORD-2023-012888,P-0937,2023-11-30,1,Wrong item delivered,77100.0,Approved
RT-00616,ORD-2023-012891,P-0621,2023-11-25,1,Damaged in transit,1750.0,Approved
RT-00617,ORD-2023-012914,P-0484,2023-12-03,1,Defective on arrival,55550.0,Approved
RT-00618,ORD-2023-012951,P-0334,2023-11-27,1,Damaged in transit,3045.0,Approved
RT-00619,ORD-2023-013013,P-0442,2023-12-01,1,Defective on arrival,269745.0,Approved
RT-00620,ORD-2023-013019,P-0997,2023-12-01,2,Changed mind,299300.0,Approved
RT-00621,ORD-2023-013037,P-0024,2023-12-05,1,Damaged in transit,1295.0,Rejected
RT-00622,ORD-2023-013052,P-0196,2023-11-25,1,Wrong item delivered,5350.0,Approved
RT-00623,ORD-2023-013063,P-0145,2023-12-02,2,Damaged in transit,73100.0,Approved
RT-00624,ORD-2023-013101,P-0541,2023-12-05,1,Defective on arrival,327650.0,Pending
RT-00625,ORD-2023-013105,P-0530,2023-12-03,1,Changed mind,37555.0,Approved
RT-00626,ORD-2023-013117,P-0465,2023-12-01,1,Damaged in transit,39450.0,Approved
RT-00627,ORD-2023-013132,P-1091,2023-12-05,1,Damaged in transit,62000.0,Approved
RT-00628,ORD-2023-013141,P-0139,2023-11-29,1,Damaged in transit,7700.0,Approved
RT-00629,ORD-2023-013148,P-1045,2023-12-07,1,Wrong item delivered,51850.0,Approved
RT-00630,ORD-2023-013173,P-0116,2023-12-02,1,Changed mind,7100.0,Approved
RT-00631,ORD-2023-013177,P-0282,2023-11-26,1,Wrong item delivered,2345.0,Approved
RT-00632,ORD-2023-013218,P-0031,2023-12-08,1,Wrong item delivered,3950.0,Pending
RT-00633,ORD-2023-013304,P-0472,2023-11-27,1,Defective on arrival,131550.0,Approved
RT-00634,ORD-2023-013315,P-0429,2023-12-08,1,Changed mind,147250.0,Approved
RT-00635,ORD-2023-013322,P-0872,2023-12-06,1,Changed mind,1925.0,Approved
RT-00636,ORD-2023-013354,P-0261,2023-11-30,3,Changed mind,24600.0,Approved
RT-00637,ORD-2023-013424,P-0421,2023-12-08,1,Changed mind,23700.0,Approved
RT-00638,ORD-2023-013433,P-0962,2023-12-02,1,Changed mind,55400.0,Approved
RT-00639,ORD-2023-013434,P-0943,2023-12-06,1,Changed mind,79300.0,Approved
RT-00640,ORD-2023-013451,P-1060,2023-12-02,1,Changed mind,77150.0,Approved
RT-00641,ORD-2023-013459,P-0281,2023-12-01,1,Expired product,12000.0,Rejected
RT-00642,ORD-2023-013485,P-0156,2023-12-01,1,Damaged in transit,26450.0,Approved
RT-00643,ORD-2023-013491,P-0116,2023-12-13,1,Wrong item delivered,6603.0,Approved
RT-00644,ORD-2023-013533,P-0267,2023-12-10,1,Changed mind,2500.0,Approved
RT-00645,ORD-2023-013563,P-0804,2023-12-02,1,Damaged in transit,20200.0,Approved
RT-00646,ORD-2023-013577,P-0213,2023-12-12,1,Changed mind,6550.0,Approved
RT-00647,ORD-2023-013611,P-0998,2023-12-14,1,Wrong size,45900.0,Approved
RT-00648,ORD-2023-013652,P-0071,2023-12-16,2,Changed mind,23000.0,Approved
RT-00649,ORD-2023-013695,P-1042,2023-12-13,1,Wrong size,54200.0,Approved
RT-00650,ORD-2023-013767,P-1000,2023-12-08,1,Wrong size,34850.0,Approved
RT-00651,ORD-2023-013767,P-0646,2023-12-04,1,Wrong item delivered,30600.0,Approved
RT-00652,ORD-2023-013771,P-1193,2023-12-17,1,Damaged in transit,17900.0,Approved
RT-00653,ORD-2023-013783,P-0005,2023-12-18,1,Changed mind,1900.0,Approved
RT-00654,ORD-2023-013893,P-0690,2023-12-20,1,Damaged in transit,8300.0,Approved
RT-00655,ORD-2023-013920,P-0552,2023-12-20,1,Damaged in transit,72600.0,Approved
RT-00656,ORD-2023-013945,P-1162,2023-12-10,1,Expired product,16300.0,Approved
RT-00657,ORD-2023-013954,P-0082,2023-12-08,1,Changed mind,3300.0,Approved
RT-00658,ORD-2023-013957,P-0006,2023-12-08,1,Changed mind,3550.0,Approved
RT-00659,ORD-2023-014018,P-0389,2023-12-17,1,Wrong item delivered,57450.0,Approved
RT-00660,ORD-2023-014021,P-0546,2023-12-19,1,Damaged in transit,97400.0,Approved
RT-00661,ORD-2023-014050,P-0655,2023-12-19,1,Expired product,27800.0,Rejected
RT-00662,ORD-2023-014055,P-1099,2023-12-17,1,Changed mind,20950.0,Pending
RT-00663,ORD-2023-014102,P-0131,2023-12-13,1,Expired product,1150.0,Approved
RT-00664,ORD-2023-014144,P-0743,2023-12-11,1,Expired product,13450.0,Pending
RT-00665,ORD-2023-014150,P-0107,2023-12-11,1,Wrong item delivered,6250.0,Approved
RT-00666,ORD-2023-014152,P-0453,2023-12-19,1,Wrong item delivered,234500.0,Approved
RT-00667,ORD-2023-014191,P-0426,2023-12-22,1,Damaged in transit,153945.0,Approved
RT-00668,ORD-2023-014207,P-0946,2023-12-25,1,Quality below expectation,70300.0,Approved
RT-00669,ORD-2023-014209,P-0974,2023-12-14,1,Quality below expectation,110850.0,Rejected
RT-00670,ORD-2023-014246,P-0113,2023-12-13,1,Expired product,3200.0,Approved
RT-00671,ORD-2023-014252,P-0417,2023-12-22,1,Defective on arrival,111800.0,Approved
RT-00672,ORD-2023-014260,P-0353,2023-12-21,1,Expired product,8202.5,Approved
RT-00673,ORD-2023-014268,P-0096,2023-12-27,1,Wrong item delivered,950.0,Approved
RT-00674,ORD-2023-014353,P-1024,2023-12-22,1,Changed mind,14650.0,Rejected
RT-00675,ORD-2023-014362,P-0346,2023-12-22,1,Changed mind,9450.0,Approved
RT-00676,ORD-2023-014365,P-0350,2023-12-27,1,Wrong item delivered,4650.0,Approved
RT-00677,ORD-2023-014368,P-0110,2023-12-24,3,Changed mind,5850.0,Approved
RT-00678,ORD-2023-014475,P-0018,2023-12-24,1,Changed mind,3800.0,Approved
RT-00679,ORD-2023-014508,P-0472,2023-12-27,1,Damaged in transit,131550.0,Approved
RT-00680,ORD-2023-014574,P-0069,2023-12-21,1,Changed mind,6350.0,Approved
RT-00681,ORD-2023-014586,P-0234,2024-01-01,1,Expired product,2550.0,Approved
RT-00682,ORD-2023-014595,P-0220,2023-12-23,1,Wrong item delivered,6077.5,Approved
RT-00683,ORD-2023-014642,P-0671,2023-12-23,1,Expired product,62550.0,Approved
RT-00684,ORD-2023-014722,P-0414,2024-01-01,1,Wrong item delivered,23940.0,Approved
RT-00685,ORD-2023-014742,P-0061,2024-01-02,2,Changed mind,12800.0,Approved
RT-00686,ORD-2023-014751,P-0610,2023-12-30,1,Damaged in transit,15600.0,Approved
RT-00687,ORD-2023-014780,P-0945,2024-01-02,1,Changed mind,13150.0,Rejected
RT-00688,ORD-2023-014780,P-0501,2023-12-24,1,Damaged in transit,179800.0,Approved
RT-00689,ORD-2023-014805,P-0064,2023-12-31,1,Expired product,1530.0,Approved
RT-00690,ORD-2023-014818,P-0290,2024-01-01,1,Damaged in transit,637.5,Approved
RT-00691,ORD-2023-014837,P-1133,2024-01-03,1,Wrong item delivered,21750.0,Approved
RT-00692,ORD-2023-014858,P-0030,2024-01-02,1,Changed mind,2040.0,Approved
RT-00693,ORD-2023-014885,P-0979,2024-01-02,1,Changed mind,60500.0,Approved
RT-00694,ORD-2023-014897,P-0688,2023-12-30,1,Wrong item delivered,13250.0,Approved
RT-00695,ORD-2023-014901,P-0311,2024-01-02,1,Changed mind,3150.0,Approved
RT-00696,ORD-2023-014938,P-0372,2024-01-04,1,Changed mind,2350.0,Approved
RT-00697,ORD-2023-015008,P-1042,2024-01-03,1,Changed mind,54200.0,Approved
RT-00698,ORD-2023-015011,P-1038,2024-01-05,1,Wrong size,25250.0,Pending
RT-00699,ORD-2023-015060,P-0744,2023-12-29,1,Changed mind,5950.0,Approved
RT-00700,ORD-2023-015082,P-0673,2024-01-09,1,Expired product,52250.0,Pending
RT-00701,ORD-2023-015146,P-0404,2024-01-11,2,Defective on arrival,56200.0,Approved
RT-00702,ORD-2023-015153,P-0039,2024-01-08,3,Damaged in transit,1800.0,Pending
RT-00703,ORD-2023-015163,P-0209,2024-01-08,1,Wrong item delivered,4653.0,Approved
RT-00704,ORD-2023-015229,P-0545,2024-01-09,1,Damaged in transit,621900.0,Approved
RT-00705,ORD-2023-015235,P-0422,2024-01-02,1,Changed mind,94500.0,Approved
RT-00706,ORD-2023-015237,P-0430,2023-12-30,1,Changed mind,173750.0,Approved
RT-00707,ORD-2023-015238,P-1050,2024-01-04,1,Quality below expectation,32550.0,Approved
RT-00708,ORD-2023-015255,P-0219,2024-01-07,1,Damaged in transit,3384.0,Approved
RT-00709,ORD-2023-015289,P-0313,2024-01-02,1,Wrong item delivered,8000.0,Approved
RT-00710,ORD-2023-015314,P-0972,2024-01-10,1,Changed mind,78200.0,Approved
RT-00711,ORD-2023-015326,P-0254,2024-01-08,1,Expired product,7144.0,Approved
RT-00712,ORD-2023-015361,P-0062,2024-01-09,2,Changed mind,1500.0,Approved
RT-00713,ORD-2024-015411,P-0045,2024-01-13,1,Expired product,4400.0,Approved
RT-00714,ORD-2024-015428,P-1064,2024-01-15,1,Wrong item delivered,48750.0,Approved
RT-00715,ORD-2024-015459,P-0942,2024-01-10,2,Wrong item delivered,120400.0,Approved
RT-00716,ORD-2024-015472,P-0534,2024-01-03,2,Damaged in transit,324200.0,Approved
RT-00717,ORD-2024-015521,P-0504,2024-01-12,1,Changed mind,138850.0,Approved
RT-00718,ORD-2024-015524,P-0967,2024-01-15,1,Wrong size,89900.0,Approved
RT-00719,ORD-2024-015551,P-0351,2024-01-11,1,Changed mind,32750.0,Rejected
RT-00720,ORD-2024-015565,P-0112,2024-01-15,1,Changed mind,7332.0,Approved
RT-00721,ORD-2024-015585,P-0575,2024-01-11,1,Damaged in transit,11900.0,Approved
RT-00722,ORD-2024-015602,P-0780,2024-01-15,1,Changed mind,5950.0,Approved
RT-00723,ORD-2024-015651,P-0999,2024-01-12,1,Wrong item delivered,140600.0,Approved
RT-00724,ORD-2024-015652,P-0486,2024-01-07,1,Wrong item delivered,218600.0,Approved
RT-00725,ORD-2024-015688,P-0649,2024-01-09,1,Damaged in transit,7332.0,Approved
RT-00726,ORD-2024-015690,P-0077,2024-01-07,1,Expired product,2250.0,Approved
RT-00727,ORD-2024-015702,P-0490,2024-01-09,1,Changed mind,123800.0,Approved
RT-00728,ORD-2024-015704,P-0480,2024-01-07,1,Wrong item delivered,144100.0,Approved
RT-00729,ORD-2024-015712,P-0406,2024-01-19,1,Defective on arrival,376050.0,Approved
RT-00730,ORD-2024-015717,P-0448,2024-01-14,2,Defective on arrival,740600.0,Approved
RT-00731,ORD-2024-015735,P-0953,2024-01-11,1,Changed mind,31450.0,Approved
RT-00732,ORD-2024-015751,P-0863,2024-01-21,1,Damaged in transit,4400.0,Rejected
RT-00733,ORD-2024-015771,P-0216,2024-01-13,1,Wrong item delivered,3048.5,Approved
RT-00734,ORD-2024-015778,P-0965,2024-01-16,1,Changed mind,52922.0,Rejected
RT-00735,ORD-2024-015824,P-0031,2024-01-14,6,Damaged in transit,23700.0,Rejected
RT-00736,ORD-2024-015828,P-0175,2024-01-11,1,Wrong item delivered,28650.0,Approved
RT-00737,ORD-2024-015837,P-0462,2024-01-22,1,Wrong item delivered,291950.0,Approved
RT-00738,ORD-2024-015842,P-0544,2024-01-20,1,Wrong item delivered,159700.0,Approved
RT-00739,ORD-2024-015870,P-0417,2024-01-24,2,Changed mind,223600.0,Approved
RT-00740,ORD-2024-015874,P-0457,2024-01-16,1,Defective on arrival,177200.0,Pending
RT-00741,ORD-2024-015880,P-1080,2024-01-19,1,Changed mind,32100.0,Approved
RT-00742,ORD-2024-015884,P-1006,2024-01-11,1,Changed mind,63400.0,Pending
RT-00743,ORD-2024-015900,P-0480,2024-01-13,1,Defective on arrival,144100.0,Approved
RT-00744,ORD-2024-015924,P-1024,2024-01-25,1,Quality below expectation,14650.0,Approved
RT-00745,ORD-2024-015932,P-1028,2024-01-23,1,Quality below expectation,44450.0,Rejected
RT-00746,ORD-2024-015950,P-0169,2024-01-20,1,Wrong item delivered,2150.0,Approved
RT-00747,ORD-2024-015957,P-0051,2024-01-20,1,Expired product,8100.0,Approved
RT-00748,ORD-2024-015993,P-0157,2024-01-22,1,Changed mind,10950.0,Approved
RT-00749,ORD-2024-015999,P-1063,2024-01-16,1,Wrong item delivered,70750.0,Approved
RT-00750,ORD-2024-016013,P-0215,2024-01-22,1,Wrong item delivered,11000.0,Approved
RT-00751,ORD-2024-016031,P-0421,2024-01-22,1,Defective on arrival,23700.0,Approved
RT-00752,ORD-2024-016059,P-0719,2024-01-27,1,Wrong item delivered,25150.0,Approved
RT-00753,ORD-2024-016075,P-0999,2024-01-20,1,Changed mind,127946.0,Approved
RT-00754,ORD-2024-016077,P-0939,2024-01-25,1,Wrong item delivered,146200.0,Approved
RT-00755,ORD-2024-016085,P-0623,2024-01-23,1,Expired product,8970.0,Pending
RT-00756,ORD-2024-016102,P-0045,2024-01-24,1,Wrong item delivered,4400.0,Approved
RT-00757,ORD-2024-016111,P-1136,2024-01-25,3,Wrong item delivered,55650.0,Rejected
RT-00758,ORD-2024-016123,P-1050,2024-01-20,1,Wrong size,32550.0,Approved
RT-00759,ORD-2024-016123,P-0442,2024-01-19,1,Wrong item delivered,385350.0,Approved
RT-00760,ORD-2024-016137,P-0054,2024-01-27,1,Changed mind,2000.0,Approved
RT-00761,ORD-2024-016163,P-0946,2024-01-19,1,Changed mind,65379.0,Approved
RT-00762,ORD-2024-016168,P-1077,2024-01-19,1,Wrong item delivered,43550.0,Approved
RT-00763,ORD-2024-016196,P-0292,2024-01-29,5,Wrong item delivered,11750.0,Approved
RT-00764,ORD-2024-016227,P-0872,2024-01-31,1,Wrong item delivered,2750.0,Approved
RT-00765,ORD-2024-016242,P-1012,2024-01-30,1,Wrong size,82550.0,Approved
RT-00766,ORD-2024-016244,P-0473,2024-01-28,1,Damaged in transit,409650.0,Approved
RT-00767,ORD-2024-016246,P-0999,2024-02-01,1,Quality below expectation,140600.0,Approved
RT-00768,ORD-2024-016256,P-0994,2024-01-23,1,Wrong item delivered,110400.0,Pending
RT-00769,ORD-2024-016264,P-0403,2024-01-29,1,Wrong item delivered,577600.0,Approved
RT-00770,ORD-2024-016301,P-0971,2024-01-27,1,Wrong size,88150.0,Approved
RT-00771,ORD-2024-016305,P-0951,2024-01-28,1,Changed mind,15600.0,Approved
RT-00772,ORD-2024-016318,P-0793,2024-01-27,1,Wrong item delivered,3700.0,Pending
RT-00773,ORD-2024-016414,P-1059,2024-01-23,1,Changed mind,41050.0,Pending
RT-00774,ORD-2024-016414,P-0217,2024-01-28,1,Changed mind,7150.0,Pending
RT-00775,ORD-2024-016443,P-0167,2024-01-25,1,Damaged in transit,2100.0,Approved
RT-00776,ORD-2024-016448,P-1026,2024-02-05,1,Wrong size,66800.0,Approved
RT-00777,ORD-2024-016458,P-0992,2024-01-26,1,Quality below expectation,29200.0,Approved
RT-00778,ORD-2024-016462,P-1101,2024-02-02,1,Damaged in transit,7000.0,Approved
RT-00779,ORD-2024-016480,P-0213,2024-01-29,1,Changed mind,6550.0,Approved
RT-00780,ORD-2024-016482,P-1001,2024-02-06,1,Changed mind,39750.0,Approved
RT-00781,ORD-2024-016520,P-0968,2024-01-26,1,Changed mind,75950.0,Pending
RT-00782,ORD-2024-016529,P-0256,2024-02-04,1,Expired product,150.0,Approved
RT-00783,ORD-2024-016533,P-0691,2024-01-29,1,Changed mind,34900.0,Approved
RT-00784,ORD-2024-016537,P-0515,2024-02-01,1,Changed mind,58800.0,Approved
RT-00785,ORD-2024-016538,P-0428,2024-01-26,1,Damaged in transit,48950.0,Approved
RT-00786,ORD-2024-016546,P-1058,2024-01-28,1,Wrong item delivered,24100.0,Approved
RT-00787,ORD-2024-016561,P-0647,2024-02-01,2,Changed mind,7700.0,Approved
RT-00788,ORD-2024-016651,P-0285,2024-02-01,1,Damaged in transit,900.0,Approved
RT-00789,ORD-2024-016662,P-0952,2024-02-01,1,Quality below expectation,35050.0,Approved
RT-00790,ORD-2024-016665,P-0479,2024-02-08,1,Damaged in transit,174750.0,Approved
RT-00791,ORD-2024-016699,P-1029,2024-01-28,1,Wrong size,105050.0,Approved
RT-00792,ORD-2024-016701,P-0281,2024-01-28,4,Expired product,48000.0,Approved
RT-00793,ORD-2024-016703,P-1086,2024-02-09,1,Damaged in transit,16650.0,Rejected
RT-00794,ORD-2024-016703,P-0236,2024-02-01,2,Wrong item delivered,3600.0,Approved
RT-00795,ORD-2024-016710,P-0339,2024-02-09,2,Expired product,4200.0,Approved
RT-00796,ORD-2024-016740,P-1018,2024-01-31,1,Quality below expectation,93200.0,Approved
RT-00797,ORD-2024-016745,P-0986,2024-02-06,1,Changed mind,50600.0,Approved
RT-00798,ORD-2024-016746,P-0551,2024-02-01,1,Changed mind,12300.0,Approved
RT-00799,ORD-2024-016750,P-1169,2024-02-10,1,Expired product,17050.0,Pending
RT-00800,ORD-2024-016797,P-0392,2024-01-29,1,Defective on arrival,231600.0,Approved
RT-00801,ORD-2024-016804,P-0708,2024-02-03,1,Damaged in transit,2350.0,Approved
RT-00802,ORD-2024-016811,P-0601,2024-02-04,1,Damaged in transit,16198.0,Approved
RT-00803,ORD-2024-016844,P-0243,2024-02-07,1,Expired product,1200.0,Approved
RT-00804,ORD-2024-016869,P-1027,2024-02-12,1,Wrong size,67050.0,Approved
RT-00805,ORD-2024-016877,P-0411,2024-02-01,1,Defective on arrival,719000.0,Approved
RT-00806,ORD-2024-016919,P-0625,2024-02-10,1,Damaged in transit,62100.0,Approved
RT-00807,ORD-2024-016921,P-1079,2024-02-03,1,Quality below expectation,93850.0,Approved
RT-00808,ORD-2024-016923,P-0332,2024-02-11,1,Changed mind,11400.0,Rejected
RT-00809,ORD-2024-016926,P-1073,2024-02-04,1,Wrong size,43650.0,Approved
RT-00810,ORD-2024-016938,P-0082,2024-02-10,1,Changed mind,3300.0,Approved
RT-00811,ORD-2024-016958,P-0283,2024-02-14,1,Wrong item delivered,4900.0,Approved
RT-00812,ORD-2024-016973,P-0951,2024-02-12,1,Wrong size,15600.0,Rejected
RT-00813,ORD-2024-016974,P-0340,2024-02-06,1,Expired product,27950.0,Pending
RT-00814,ORD-2024-016977,P-0336,2024-02-12,2,Damaged in transit,1200.0,Rejected
RT-00815,ORD-2024-016977,P-0895,2024-02-04,1,Wrong item delivered,10700.0,Approved
RT-00816,ORD-2024-017006,P-0122,2024-02-10,1,Changed mind,7350.0,Approved
RT-00817,ORD-2024-017026,P-0631,2024-02-04,1,Wrong item delivered,39300.0,Approved
RT-00818,ORD-2024-017040,P-0121,2024-02-11,1,Damaged in transit,36100.0,Rejected
RT-00819,ORD-2024-017059,P-1027,2024-02-14,1,Changed mind,67050.0,Approved
RT-00820,ORD-2024-017066,P-0086,2024-02-05,1,Wrong item delivered,6650.0,Approved
RT-00821,ORD-2024-017087,P-0285,2024-02-13,3,Wrong item delivered,2700.0,Approved
RT-00822,ORD-2024-017111,P-0384,2024-02-03,1,Wrong item delivered,55300.0,Pending
RT-00823,ORD-2024-017114,P-0700,2024-02-03,1,Wrong item delivered,28302.0,Approved
RT-00824,ORD-2024-017116,P-0950,2024-02-13,1,Wrong item delivered,64300.0,Approved
RT-00825,ORD-2024-017116,P-0957,2024-02-10,2,Wrong item delivered,174500.0,Approved
RT-00826,ORD-2024-017202,P-1139,2024-02-16,1,Wrong item delivered,28750.0,Approved
RT-00827,ORD-2024-017261,P-0505,2024-02-14,3,Damaged in transit,2183850.0,Approved
RT-00828,ORD-2024-017262,P-1080,2024-02-14,1,Changed mind,32100.0,Approved
RT-00829,ORD-2024-017304,P-1039,2024-02-18,1,Wrong item delivered,80450.0,Approved
RT-00830,ORD-2024-017311,P-0438,2024-02-07,1,Damaged in transit,146428.5,Approved
RT-00831,ORD-2024-017320,P-0135,2024-02-19,1,Changed mind,23050.0,Approved
RT-00832,ORD-2024-017347,P-1016,2024-02-09,1,Wrong item delivered,27800.0,Approved
RT-00833,ORD-2024-017348,P-0916,2024-02-16,1,Expired product,7943.0,Approved
RT-00834,ORD-2024-017349,P-0466,2024-02-13,1,Wrong item delivered,71950.0,Approved
RT-00835,ORD-2024-017380,P-0938,2024-02-12,1,Wrong item delivered,51400.0,Approved
RT-00836,ORD-2024-017391,P-0404,2024-02-20,1,Wrong item delivered,28100.0,Approved
RT-00837,ORD-2024-017424,P-1160,2024-02-23,1,Wrong item delivered,31850.0,Pending
RT-00838,ORD-2024-017430,P-0689,2024-02-13,1,Expired product,2600.0,Approved
RT-00839,ORD-2024-017430,P-0401,2024-02-21,1,Damaged in transit,234650.0,Approved
RT-00840,ORD-2024-017434,P-0471,2024-02-22,1,Wrong item delivered,587500.0,Approved
RT-00841,ORD-2024-017467,P-0811,2024-02-24,1,Wrong item delivered,2650.0,Rejected
RT-00842,ORD-2024-017480,P-0804,2024-02-19,1,Wrong item delivered,20200.0,Approved
RT-00843,ORD-2024-017512,P-0047,2024-02-12,1,Wrong item delivered,1300.0,Approved
RT-00844,ORD-2024-017525,P-0726,2024-02-13,1,Changed mind,33350.0,Approved
RT-00845,ORD-2024-017531,P-0397,2024-02-21,1,Defective on arrival,133150.0,Approved
RT-00846,ORD-2024-017532,P-0384,2024-02-12,1,Defective on arrival,55300.0,Approved
RT-00847,ORD-2024-017551,P-0085,2024-02-24,2,Damaged in transit,15500.0,Rejected
RT-00848,ORD-2024-017557,P-0206,2024-02-26,1,Wrong item delivered,5800.0,Pending
RT-00849,ORD-2024-017558,P-0296,2024-02-17,1,Changed mind,5250.0,Approved
RT-00850,ORD-2024-017567,P-1001,2024-02-18,1,Wrong size,39750.0,Approved
RT-00851,ORD-2024-017596,P-0369,2024-02-16,1,Changed mind,900.0,Approved
RT-00852,ORD-2024-017617,P-0055,2024-02-19,1,Wrong item delivered,18000.0,Approved
RT-00853,ORD-2024-017636,P-0275,2024-02-23,1,Wrong item delivered,3300.0,Approved
RT-00854,ORD-2024-017643,P-1043,2024-02-28,1,Changed mind,25650.0,Approved
RT-00855,ORD-2024-017649,P-0769,2024-02-24,1,Wrong item delivered,5278.0,Approved
RT-00856,ORD-2024-017660,P-0358,2024-02-28,1,Wrong item delivered,3950.0,Pending
RT-00857,ORD-2024-017696,P-1120,2024-03-01,1,Damaged in transit,17700.0,Rejected
RT-00858,ORD-2024-017749,P-0018,2024-03-01,1,Expired product,3800.0,Approved
RT-00859,ORD-2024-017770,P-0072,2024-02-21,1,Damaged in transit,3550.0,Approved
RT-00860,ORD-2024-017820,P-0235,2024-02-28,1,Changed mind,5300.0,Approved
RT-00861,ORD-2024-017822,P-0637,2024-02-21,1,Changed mind,17400.0,Approved
RT-00862,ORD-2024-017827,P-0444,2024-02-27,1,Changed mind,40000.0,Approved
RT-00863,ORD-2024-017834,P-0490,2024-02-21,1,Wrong item delivered,123800.0,Pending
RT-00864,ORD-2024-017874,P-0782,2024-03-02,1,Changed mind,7000.0,Approved
RT-00865,ORD-2024-017878,P-1067,2024-02-27,2,Wrong size,185600.0,Approved
RT-00866,ORD-2024-017890,P-0867,2024-03-02,1,Damaged in transit,4850.0,Approved
RT-00867,ORD-2024-017898,P-0255,2024-03-04,1,Changed mind,14800.0,Approved
RT-00868,ORD-2024-017901,P-0201,2024-03-03,2,Damaged in transit,3000.0,Approved
RT-00869,ORD-2024-017902,P-0959,2024-02-25,1,Wrong size,6461.0,Approved
RT-00870,ORD-2024-017903,P-0404,2024-02-21,1,Damaged in transit,28100.0,Approved
RT-00871,ORD-2024-017909,P-0958,2024-03-03,1,Changed mind,7650.0,Approved
RT-00872,ORD-2024-017913,P-0950,2024-02-21,1,Quality below expectation,64300.0,Approved
RT-00873,ORD-2024-017935,P-1066,2024-02-28,1,Quality below expectation,31550.0,Approved
RT-00874,ORD-2024-017949,P-0598,2024-03-03,1,Changed mind,11800.0,Approved
RT-00875,ORD-2024-017958,P-1173,2024-02-27,1,Expired product,31300.0,Rejected
RT-00876,ORD-2024-017961,P-0042,2024-03-05,2,Changed mind,10800.0,Approved
RT-00877,ORD-2024-017961,P-0144,2024-02-25,1,Expired product,10850.0,Approved
RT-00878,ORD-2024-017976,P-1032,2024-02-27,1,Wrong size,63000.0,Rejected
RT-00879,ORD-2024-017980,P-0476,2024-02-23,1,Defective on arrival,20200.0,Rejected
RT-00880,ORD-2024-017984,P-0085,2024-03-07,1,Changed mind,7750.0,Approved
RT-00881,ORD-2024-017995,P-0504,2024-02-28,1,Wrong item delivered,138850.0,Approved
RT-00882,ORD-2024-017999,P-1050,2024-03-03,1,Quality below expectation,32550.0,Approved
RT-00883,ORD-2024-018003,P-0794,2024-02-27,1,Wrong item delivered,15900.0,Approved
RT-00884,ORD-2024-018012,P-0601,2024-03-05,1,Expired product,18200.0,Approved
RT-00885,ORD-2024-018034,P-0357,2024-02-25,1,Wrong item delivered,35350.0,Approved
RT-00886,ORD-2024-018089,P-0428,2024-03-07,1,Wrong item delivered,48950.0,Approved
RT-00887,ORD-2024-018089,P-1021,2024-03-08,1,Quality below expectation,66150.0,Approved
RT-00888,ORD-2024-018089,P-1040,2024-03-04,1,Wrong size,33900.0,Approved
RT-00889,ORD-2024-018090,P-0960,2024-03-04,3,Wrong item delivered,230100.0,Approved
RT-00890,ORD-2024-018137,P-0466,2024-03-01,1,Wrong item delivered,71950.0,Approved
RT-00891,ORD-2024-018154,P-1093,2024-03-06,1,Expired product,16750.0,Pending
RT-00892,ORD-2024-018167,P-0019,2024-02-29,3,Expired product,9000.0,Approved
RT-00893,ORD-2024-018176,P-1177,2024-02-27,1,Damaged in transit,31155.0,Approved
RT-00894,ORD-2024-018180,P-1193,2024-03-10,1,Changed mind,17900.0,Approved
RT-00895,ORD-2024-018185,P-1169,2024-03-10,2,Expired product,34100.0,Approved
RT-00896,ORD-2024-018192,P-0631,2024-03-11,1,Changed mind,34191.0,Approved
RT-00897,ORD-2024-018197,P-0563,2024-02-27,1,Damaged in transit,4050.0,Approved
RT-00898,ORD-2024-018198,P-1139,2024-03-10,1,Expired product,28750.0,Approved
RT-00899,ORD-2024-018214,P-0080,2024-02-28,1,Wrong item delivered,6100.0,Approved
RT-00900,ORD-2024-018230,P-0056,2024-02-29,1,Damaged in transit,22450.0,Approved
RT-00901,ORD-2024-018250,P-0395,2024-03-10,1,Wrong item delivered,61650.0,Approved
RT-00902,ORD-2024-018296,P-0543,2024-03-13,1,Changed mind,90650.0,Approved
RT-00903,ORD-2024-018311,P-0538,2024-03-06,1,Damaged in transit,59900.0,Approved
RT-00904,ORD-2024-018312,P-0999,2024-02-29,1,Wrong size,140600.0,Approved
RT-00905,ORD-2024-018351,P-0228,2024-03-07,1,Expired product,2050.0,Approved
RT-00906,ORD-2024-018351,P-0037,2024-03-09,1,Changed mind,6400.0,Approved
RT-00907,ORD-2024-018381,P-1014,2024-03-06,1,Wrong item delivered,24900.0,Approved
RT-00908,ORD-2024-018411,P-0728,2024-03-02,1,Expired product,56506.5,Approved
RT-00909,ORD-2024-018418,P-0034,2024-03-03,1,Damaged in transit,8300.0,Approved
RT-00910,ORD-2024-018418,P-0146,2024-03-03,3,Expired product,13200.0,Approved
RT-00911,ORD-2024-018418,P-0539,2024-03-10,1,Wrong item delivered,177750.0,Approved
RT-00912,ORD-2024-018430,P-0448,2024-03-15,2,Defective on arrival,740600.0,Approved
RT-00913,ORD-2024-018432,P-0988,2024-03-08,1,Changed mind,27850.0,Rejected
RT-00914,ORD-2024-018452,P-0256,2024-03-09,1,Changed mind,150.0,Approved
RT-00915,ORD-2024-018496,P-0567,2024-03-05,1,Damaged in transit,24316.5,Approved
RT-00916,ORD-2024-018507,P-0950,2024-03-12,1,Wrong size,58513.0,Rejected
RT-00917,ORD-2024-018509,P-1182,2024-03-16,1,Expired product,18100.0,Approved
RT-00918,ORD-2024-018514,P-0438,2024-03-06,2,Changed mind,314900.0,Approved
RT-00919,ORD-2024-018514,P-0543,2024-03-16,1,Changed mind,90650.0,Rejected
RT-00920,ORD-2024-018538,P-0292,2024-03-15,3,Wrong item delivered,7050.0,Pending
RT-00921,ORD-2024-018541,P-0318,2024-03-06,1,Damaged in transit,1350.0,Approved
RT-00922,ORD-2024-018546,P-0357,2024-03-10,1,Changed mind,35350.0,Approved
RT-00923,ORD-2024-018549,P-1071,2024-03-04,1,Wrong item delivered,86800.0,Approved
RT-00924,ORD-2024-018564,P-0509,2024-03-11,1,Wrong item delivered,666900.0,Approved
RT-00925,ORD-2024-018593,P-0922,2024-03-08,1,Changed mind,700.0,Pending
RT-00926,ORD-2024-018620,P-0506,2024-03-18,1,Damaged in transit,839500.0,Approved
RT-00927,ORD-2024-018623,P-1062,2024-03-15,1,Wrong size,83550.0,Approved
RT-00928,ORD-2024-018661,P-0985,2024-03-06,1,Wrong size,65650.0,Approved
RT-00929,ORD-2024-018734,P-1060,2024-03-15,1,Wrong size,77150.0,Approved
RT-00930,ORD-2024-018744,P-0811,2024-03-21,1,Damaged in transit,2650.0,Approved
RT-00931,ORD-2024-018763,P-0346,2024-03-18,1,Damaged in transit,9450.0,Approved
RT-00932,ORD-2024-018771,P-0520,2024-03-10,1,Damaged in transit,339200.0,Approved
RT-00933,ORD-2024-018789,P-0220,2024-03-23,1,Expired product,7150.0,Pending
RT-00934,ORD-2024-018802,P-1106,2024-03-16,1,Damaged in transit,20950.0,Rejected
RT-00935,ORD-2024-018832,P-0008,2024-03-13,2,Changed mind,14300.0,Rejected
RT-00936,ORD-2024-018835,P-1199,2024-03-11,1,Wrong item delivered,14750.0,Approved
RT-00937,ORD-2024-018891,P-0212,2024-03-18,1,Expired product,5100.0,Approved
RT-00938,ORD-2024-018952,P-1079,2024-03-20,1,Changed mind,93850.0,Approved
RT-00939,ORD-2024-019027,P-0645,2024-03-25,1,Expired product,1050.0,Approved
RT-00940,ORD-2024-019040,P-0521,2024-03-21,1,Defective on arrival,15950.0,Approved
RT-00941,ORD-2024-019056,P-0251,2024-03-17,1,Changed mind,9400.0,Approved
RT-00942,ORD-2024-019066,P-0376,2024-03-24,1,Changed mind,5300.0,Approved
RT-00943,ORD-2024-019078,P-0956,2024-03-26,1,Quality below expectation,63950.0,Approved
RT-00944,ORD-2024-019080,P-0430,2024-03-26,1,Defective on arrival,173750.0,Approved
RT-00945,ORD-2024-019088,P-0271,2024-03-20,1,Damaged in transit,2684.0,Approved
RT-00946,ORD-2024-019108,P-0730,2024-03-29,1,Wrong item delivered,8100.0,Approved
RT-00947,ORD-2024-019121,P-0008,2024-03-17,1,Wrong item delivered,6292.0,Approved
RT-00948,ORD-2024-019160,P-0628,2024-03-30,1,Wrong item delivered,65900.0,Approved
RT-00949,ORD-2024-019179,P-1059,2024-03-28,1,Wrong size,41050.0,Approved
RT-00950,ORD-2024-019179,P-0343,2024-03-24,1,Wrong item delivered,7250.0,Approved
RT-00951,ORD-2024-019220,P-0486,2024-03-19,1,Defective on arrival,218600.0,Rejected
RT-00952,ORD-2024-019272,P-0420,2024-04-03,1,Defective on arrival,534750.0,Approved
RT-00953,ORD-2024-019273,P-0514,2024-03-26,1,Wrong item delivered,106150.0,Approved
RT-00954,ORD-2024-019283,P-0128,2024-03-30,1,Expired product,750.0,Rejected
RT-00955,ORD-2024-019295,P-0980,2024-03-26,2,Wrong size,240200.0,Approved
RT-00956,ORD-2024-019308,P-1000,2024-04-02,1,Wrong size,34850.0,Approved
RT-00957,ORD-2024-019312,P-0248,2024-04-04,1,Expired product,9450.0,Approved
RT-00958,ORD-2024-019399,P-0372,2024-03-25,1,Expired product,2350.0,Pending
RT-00959,ORD-2024-019406,P-0569,2024-04-04,1,Wrong item delivered,14650.0,Approved
RT-00960,ORD-2024-019424,P-0738,2024-03-26,1,Damaged in transit,11550.0,Approved
RT-00961,ORD-2024-019440,P-0230,2024-03-29,1,Damaged in transit,10600.0,Approved
RT-00962,ORD-2024-019444,P-0210,2024-04-05,1,Wrong item delivered,24200.0,Approved
RT-00963,ORD-2024-019492,P-0620,2024-04-07,1,Damaged in transit,38250.0,Approved
RT-00964,ORD-2024-019522,P-0519,2024-04-02,1,Damaged in transit,58150.0,Approved
RT-00965,ORD-2024-019523,P-0467,2024-03-27,1,Changed mind,682229.5,Rejected
RT-00966,ORD-2024-019533,P-0608,2024-04-08,2,Expired product,103151.0,Rejected
RT-00967,ORD-2024-019533,P-0170,2024-04-05,1,Changed mind,2112.0,Approved
RT-00968,ORD-2024-019539,P-0242,2024-04-06,1,Damaged in transit,12056.0,Approved
RT-00969,ORD-2024-019552,P-0925,2024-04-08,1,Changed mind,2002.5,Approved
RT-00970,ORD-2024-019558,P-0901,2024-03-31,1,Damaged in transit,1000.0,Approved
RT-00971,ORD-2024-019589,P-1074,2024-03-29,1,Wrong item delivered,77050.0,Approved
RT-00972,ORD-2024-019589,P-0531,2024-04-07,1,Damaged in transit,52999.5,Approved
RT-00973,ORD-2024-019589,P-0951,2024-04-07,2,Wrong size,31200.0,Approved
RT-00974,ORD-2024-019591,P-0946,2024-03-29,1,Quality below expectation,70300.0,Approved
RT-00975,ORD-2024-019595,P-0363,2024-03-30,1,Damaged in transit,17550.0,Approved
RT-00976,ORD-2024-019620,P-0208,2024-03-28,1,Changed mind,7348.0,Approved
RT-00977,ORD-2024-019626,P-0677,2024-04-07,1,Expired product,51550.0,Approved
RT-00978,ORD-2024-019636,P-0415,2024-03-28,1,Damaged in transit,24700.0,Approved
RT-00979,ORD-2024-019639,P-0718,2024-04-05,1,Changed mind,28213.0,Approved
RT-00980,ORD-2024-019668,P-0712,2024-03-30,1,Wrong item delivered,15085.5,Approved
RT-00981,ORD-2024-019676,P-0569,2024-04-07,1,Wrong item delivered,13038.5,Approved
RT-00982,ORD-2024-019678,P-0735,2024-03-30,1,Expired product,65050.0,Approved
RT-00983,ORD-2024-019685,P-0505,2024-04-10,1,Defective on arrival,727950.0,Approved
RT-00984,ORD-2024-019710,P-0649,2024-03-30,1,Changed mind,6942.0,Approved
RT-00985,ORD-2024-019715,P-0959,2024-04-12,1,Changed mind,6319.0,Approved
RT-00986,ORD-2024-019789,P-0304,2024-04-13,2,Expired product,6864.0,Approved
RT-00987,ORD-2024-019828,P-0342,2024-04-12,1,Expired product,6950.0,Approved
RT-00988,ORD-2024-019841,P-0891,2024-04-10,1,Wrong item delivered,4405.5,Approved
RT-00989,ORD-2024-019856,P-0276,2024-04-11,1,Wrong item delivered,2772.0,Rejected
RT-00990,ORD-2024-019867,P-0324,2024-04-10,1,Damaged in transit,1050.0,Approved
RT-00991,ORD-2024-019886,P-0536,2024-04-03,1,Defective on arrival,134701.5,Approved
RT-00992,ORD-2024-019929,P-0005,2024-04-04,1,Damaged in transit,1900.0,Pending
RT-00993,ORD-2024-019937,P-0480,2024-04-02,1,Changed mind,128249.0,Approved
RT-00994,ORD-2024-019939,P-0470,2024-04-09,1,Defective on arrival,71450.0,Approved
RT-00995,ORD-2024-019948,P-0546,2024-04-05,1,Changed mind,97400.0,Pending
RT-00996,ORD-2024-020011,P-0822,2024-04-05,1,Damaged in transit,1400.0,Approved
RT-00997,ORD-2024-020035,P-0622,2024-04-09,1,Changed mind,37869.5,Approved
RT-00998,ORD-2024-020050,P-0281,2024-04-11,4,Damaged in transit,48000.0,Approved
RT-00999,ORD-2024-020068,P-0416,2024-04-17,1,Damaged in transit,84200.0,Approved
RT-01000,ORD-2024-020076,P-1172,2024-04-07,1,Changed mind,39250.0,Approved
RT-01001,ORD-2024-020081,P-1110,2024-04-12,1,Wrong item delivered,2450.0,Approved
RT-01002,ORD-2024-020104,P-0431,2024-04-16,1,Damaged in transit,139900.0,Approved
RT-01003,ORD-2024-020105,P-0465,2024-04-07,1,Wrong item delivered,35899.5,Rejected
RT-01004,ORD-2024-020118,P-0283,2024-04-17,4,Damaged in transit,19600.0,Pending
RT-01005,ORD-2024-020118,P-0907,2024-04-11,1,Changed mind,10250.0,Rejected
RT-01006,ORD-2024-020133,P-0901,2024-04-08,2,Damaged in transit,2000.0,Approved
RT-01007,ORD-2024-020138,P-0126,2024-04-18,1,Expired product,1850.0,Approved
RT-01008,ORD-2024-020171,P-0014,2024-04-07,1,Wrong item delivered,950.0,Approved
RT-01009,ORD-2024-020176,P-1056,2024-04-09,1,Wrong item delivered,7600.0,Approved
RT-01010,ORD-2024-020182,P-1060,2024-04-19,1,Wrong size,77150.0,Pending
RT-01011,ORD-2024-020196,P-0452,2024-04-19,1,Wrong item delivered,29500.0,Approved
RT-01012,ORD-2024-020202,P-0923,2024-04-09,1,Expired product,4250.0,Approved
RT-01013,ORD-2024-020206,P-0938,2024-04-20,1,Wrong size,51400.0,Rejected
RT-01014,ORD-2024-020238,P-0530,2024-04-11,1,Wrong item delivered,53650.0,Pending
RT-01015,ORD-2024-020248,P-0481,2024-04-15,1,Wrong item delivered,360800.0,Approved
RT-01016,ORD-2024-020251,P-0572,2024-04-15,1,Damaged in transit,6900.0,Approved
RT-01017,ORD-2024-020263,P-0485,2024-04-13,1,Defective on arrival,258726.0,Approved
RT-01018,ORD-2024-020287,P-1181,2024-04-16,3,Changed mind,46650.0,Rejected
RT-01019,ORD-2024-020291,P-0636,2024-04-22,1,Changed mind,5050.0,Approved
RT-01020,ORD-2024-020436,P-1003,2024-04-22,1,Wrong item delivered,43250.0,Approved
RT-01021,ORD-2024-020457,P-1050,2024-04-13,1,Quality below expectation,32550.0,Approved
RT-01022,ORD-2024-020466,P-0081,2024-04-19,1,Damaged in transit,4200.0,Approved
RT-01023,ORD-2024-020477,P-0422,2024-04-18,1,Wrong item delivered,94500.0,Approved
RT-01024,ORD-2024-020536,P-0668,2024-04-26,2,Changed mind,38000.0,Approved
RT-01025,ORD-2024-020537,P-0989,2024-04-14,1,Wrong item delivered,61550.0,Approved
RT-01026,ORD-2024-020561,P-0228,2024-04-19,1,Damaged in transit,2050.0,Approved
RT-01027,ORD-2024-020573,P-0310,2024-04-19,1,Wrong item delivered,17300.0,Approved
RT-01028,ORD-2024-020592,P-0805,2024-04-17,1,Wrong item delivered,10350.0,Approved
RT-01029,ORD-2024-020628,P-0995,2024-04-27,1,Wrong item delivered,117800.0,Approved
RT-01030,ORD-2024-020631,P-0624,2024-04-19,1,Changed mind,73650.0,Approved
RT-01031,ORD-2024-020636,P-0727,2024-04-28,1,Wrong item delivered,44700.0,Approved
RT-01032,ORD-2024-020642,P-0054,2024-04-27,1,Expired product,2000.0,Approved
RT-01033,ORD-2024-020663,P-0483,2024-04-20,1,Damaged in transit,41700.0,Approved
RT-01034,ORD-2024-020672,P-0038,2024-04-24,1,Changed mind,14850.0,Approved
RT-01035,ORD-2024-020697,P-0858,2024-04-26,1,Changed mind,6200.0,Approved
RT-01036,ORD-2024-020703,P-0979,2024-04-28,1,Wrong item delivered,60500.0,Rejected
RT-01037,ORD-2024-020710,P-0447,2024-04-28,1,Damaged in transit,81050.0,Approved
RT-01038,ORD-2024-020710,P-0439,2024-04-29,1,Changed mind,25600.0,Approved
RT-01039,ORD-2024-020752,P-0962,2024-04-19,1,Wrong size,55400.0,Pending
RT-01040,ORD-2024-020761,P-0980,2024-04-24,1,Quality below expectation,120100.0,Approved
RT-01041,ORD-2024-020801,P-0455,2024-04-23,1,Changed mind,111350.0,Approved
RT-01042,ORD-2024-020819,P-0828,2024-05-04,1,Damaged in transit,21200.0,Approved
RT-01043,ORD-2024-020829,P-0185,2024-04-21,1,Damaged in transit,12600.0,Approved
RT-01044,ORD-2024-020834,P-0137,2024-05-04,1,Wrong item delivered,8650.0,Approved
RT-01045,ORD-2024-020841,P-1021,2024-05-03,1,Quality below expectation,66150.0,Approved
RT-01046,ORD-2024-020842,P-0275,2024-04-24,1,Damaged in transit,3300.0,Approved
RT-01047,ORD-2024-020855,P-0671,2024-04-29,1,Wrong item delivered,62550.0,Approved
RT-01048,ORD-2024-020859,P-0422,2024-05-02,1,Damaged in transit,94500.0,Approved
RT-01049,ORD-2024-020870,P-0392,2024-04-25,1,Damaged in transit,231600.0,Approved
RT-01050,ORD-2024-020884,P-0178,2024-04-28,1,Wrong item delivered,15350.0,Approved
RT-01051,ORD-2024-020955,P-1100,2024-04-28,1,Damaged in transit,12000.0,Approved
RT-01052,ORD-2024-020977,P-0444,2024-04-30,1,Damaged in transit,40000.0,Rejected
RT-01053,ORD-2024-021047,P-1061,2024-05-02,1,Wrong size,75992.0,Pending
RT-01054,ORD-2024-021099,P-0453,2024-05-01,1,Changed mind,234500.0,Approved
RT-01055,ORD-2024-021118,P-0138,2024-05-10,1,Expired product,14900.0,Approved
RT-01056,ORD-2024-021139,P-1055,2024-04-27,1,Changed mind,24800.0,Approved
RT-01057,ORD-2024-021144,P-1027,2024-05-02,1,Wrong size,67050.0,Approved
RT-01058,ORD-2024-021189,P-0234,2024-05-09,1,Expired product,2295.0,Approved
RT-01059,ORD-2024-021196,P-0583,2024-05-05,2,Expired product,6700.0,Approved
RT-01060,ORD-2024-021205,P-0968,2024-05-09,1,Changed mind,75950.0,Approved
RT-01061,ORD-2024-021218,P-0566,2024-05-11,1,Wrong item delivered,26450.0,Approved
RT-01062,ORD-2024-021230,P-0974,2024-05-07,1,Wrong item delivered,110850.0,Approved
RT-01063,ORD-2024-021290,P-1186,2024-05-12,1,Wrong item delivered,37150.0,Approved
RT-01064,ORD-2024-021297,P-1060,2024-05-11,1,Quality below expectation,69435.0,Pending
RT-01065,ORD-2024-021303,P-0437,2024-05-05,1,Defective on arrival,749100.0,Rejected
RT-01066,ORD-2024-021337,P-0724,2024-05-05,1,Changed mind,20205.0,Approved
RT-01067,ORD-2024-021350,P-0394,2024-05-09,1,Changed mind,72700.0,Approved
RT-01068,ORD-2024-021354,P-0387,2024-05-12,1,Damaged in transit,116730.0,Approved
RT-01069,ORD-2024-021358,P-0478,2024-05-06,1,Defective on arrival,284450.0,Approved
RT-01070,ORD-2024-021358,P-1039,2024-05-01,1,Changed mind,80450.0,Approved
RT-01071,ORD-2024-021468,P-0502,2024-05-06,1,Changed mind,138900.0,Rejected
RT-01072,ORD-2024-021480,P-0336,2024-05-10,1,Wrong item delivered,540.0,Approved
RT-01073,ORD-2024-021486,P-0770,2024-05-15,2,Wrong item delivered,29900.0,Approved
RT-01074,ORD-2024-021490,P-0412,2024-05-06,1,Changed mind,100035.0,Approved
RT-01075,ORD-2024-021518,P-0508,2024-05-09,1,Defective on arrival,93700.0,Approved
RT-01076,ORD-2024-021537,P-0393,2024-05-10,1,Wrong item delivered,179100.0,Approved
RT-01077,ORD-2024-021588,P-1050,2024-05-07,1,Quality below expectation,29295.0,Approved
RT-01078,ORD-2024-021599,P-0172,2024-05-09,2,Changed mind,3420.0,Rejected
RT-01079,ORD-2024-021636,P-0577,2024-05-07,1,Damaged in transit,8415.0,Approved
RT-01080,ORD-2024-021649,P-0421,2024-05-12,1,Changed mind,23700.0,Approved
RT-01081,ORD-2024-021720,P-0178,2024-05-18,1,Damaged in transit,15350.0,Approved
RT-01082,ORD-2024-021720,P-0832,2024-05-19,1,Expired product,2100.0,Approved
RT-01083,ORD-2024-021733,P-0153,2024-05-16,1,Changed mind,1150.0,Approved
RT-01084,ORD-2024-021740,P-0429,2024-05-19,1,Wrong item delivered,147250.0,Approved
RT-01085,ORD-2024-021768,P-0019,2024-05-11,2,Changed mind,6000.0,Approved
RT-01086,ORD-2024-021850,P-0541,2024-05-22,1,Damaged in transit,298161.5,Approved
RT-01087,ORD-2024-021850,P-0569,2024-05-13,1,Damaged in transit,14650.0,Approved
RT-01088,ORD-2024-021862,P-0979,2024-05-19,1,Wrong size,60500.0,Rejected
RT-01089,ORD-2024-021862,P-1015,2024-05-14,1,Wrong item delivered,86900.0,Approved
RT-01090,ORD-2024-021993,P-0535,2024-05-24,1,Damaged in transit,34350.0,Approved
RT-01091,ORD-2024-021997,P-0402,2024-05-15,3,Defective on arrival,377400.0,Approved
RT-01092,ORD-2024-022008,P-0866,2024-05-14,1,Changed mind,12750.0,Approved
RT-01093,ORD-2024-022011,P-1196,2024-05-24,1,Changed mind,24900.0,Rejected
RT-01094,ORD-2024-022068,P-0712,2024-05-19,1,Expired product,16950.0,Approved
RT-01095,ORD-2024-022074,P-0199,2024-05-15,1,Damaged in transit,3000.0,Rejected
RT-01096,ORD-2024-022075,P-0589,2024-05-26,1,Changed mind,13600.0,Approved
RT-01097,ORD-2024-022084,P-1068,2024-05-26,2,Wrong size,173400.0,Approved
RT-01098,ORD-2024-022098,P-1074,2024-05-17,1,Quality below expectation,77050.0,Approved
RT-01099,ORD-2024-022101,P-0035,2024-05-28,1,Wrong item delivered,12950.0,Approved
RT-01100,ORD-2024-022146,P-1105,2024-05-28,1,Wrong item delivered,7790.0,Approved
RT-01101,ORD-2024-022149,P-0441,2024-05-26,2,Defective on arrival,91300.0,Approved
RT-01102,ORD-2024-022202,P-0059,2024-05-22,2,Wrong item delivered,20800.0,Approved
RT-01103,ORD-2024-022219,P-1005,2024-05-29,1,Quality below expectation,64100.0,Rejected
RT-01104,ORD-2024-022261,P-0428,2024-06-01,1,Changed mind,48950.0,Approved
RT-01105,ORD-2024-022293,P-1080,2024-05-31,1,Quality below expectation,32100.0,Rejected
RT-01106,ORD-2024-022313,P-1016,2024-05-31,1,Wrong item delivered,27800.0,Approved
RT-01107,ORD-2024-022316,P-0526,2024-05-27,1,Defective on arrival,71500.0,Approved
RT-01108,ORD-2024-022360,P-0820,2024-05-25,1,Wrong item delivered,6250.0,Approved
RT-01109,ORD-2024-022371,P-0521,2024-05-31,1,Wrong item delivered,15950.0,Approved
RT-01110,ORD-2024-022388,P-1070,2024-05-29,1,Quality below expectation,92150.0,Approved
RT-01111,ORD-2024-022415,P-0435,2024-05-27,1,Defective on arrival,68700.0,Approved
RT-01112,ORD-2024-022425,P-0555,2024-05-28,1,Changed mind,176650.0,Approved
RT-01113,ORD-2024-022430,P-0008,2024-05-31,1,Damaged in transit,7150.0,Rejected
RT-01114,ORD-2024-022430,P-0354,2024-05-24,1,Damaged in transit,600.0,Approved
RT-01115,ORD-2024-022439,P-0329,2024-05-27,1,Damaged in transit,2850.0,Approved
RT-01116,ORD-2024-022459,P-0697,2024-05-30,1,Damaged in transit,3950.0,Approved
RT-01117,ORD-2024-022518,P-1073,2024-06-05,1,Changed mind,43650.0,Approved
RT-01118,ORD-2024-022526,P-0334,2024-06-02,1,Wrong item delivered,4350.0,Approved
RT-01119,ORD-2024-022531,P-0043,2024-05-27,1,Damaged in transit,5200.0,Approved
RT-01120,ORD-2024-022607,P-0706,2024-05-31,1,Wrong item delivered,31950.0,Approved
RT-01121,ORD-2024-022628,P-0318,2024-05-30,1,Damaged in transit,1350.0,Approved
RT-01122,ORD-2024-022680,P-0540,2024-06-01,1,Defective on arrival,297800.0,Approved
RT-01123,ORD-2024-022683,P-1003,2024-06-01,2,Wrong size,86500.0,Approved
RT-01124,ORD-2024-022692,P-0213,2024-05-29,1,Damaged in transit,6550.0,Approved
RT-01125,ORD-2024-022692,P-0114,2024-05-30,1,Damaged in transit,4000.0,Approved
RT-01126,ORD-2024-022695,P-0067,2024-06-07,1,Wrong item delivered,8700.0,Approved
RT-01127,ORD-2024-022707,P-0370,2024-06-05,1,Changed mind,5250.0,Approved
RT-01128,ORD-2024-022709,P-0351,2024-06-04,1,Damaged in transit,32750.0,Approved
RT-01129,ORD-2024-022721,P-0867,2024-06-03,1,Wrong item delivered,4171.0,Approved
RT-01130,ORD-2024-022722,P-0482,2024-06-10,1,Defective on arrival,81800.0,Approved
RT-01131,ORD-2024-022725,P-0968,2024-06-09,1,Quality below expectation,75950.0,Approved
RT-01132,ORD-2024-022764,P-0204,2024-06-03,1,Damaged in transit,1800.0,Approved
RT-01133,ORD-2024-022892,P-0066,2024-06-07,1,Damaged in transit,5250.0,Approved
RT-01134,ORD-2024-022896,P-0052,2024-06-09,1,Expired product,3100.0,Approved
RT-01135,ORD-2024-022962,P-0357,2024-06-05,1,Wrong item delivered,35350.0,Approved
RT-01136,ORD-2024-022976,P-1077,2024-06-07,1,Wrong item delivered,43550.0,Approved
RT-01137,ORD-2024-022985,P-0386,2024-06-06,3,Defective on arrival,468000.0,Approved
RT-01138,ORD-2024-022989,P-0405,2024-06-03,1,Defective on arrival,119150.0,Approved
RT-01139,ORD-2024-022992,P-0549,2024-06-05,1,Defective on arrival,47300.0,Approved
RT-01140,ORD-2024-023051,P-1038,2024-06-04,1,Quality below expectation,25250.0,Approved
RT-01141,ORD-2024-023098,P-0979,2024-06-17,1,Quality below expectation,60500.0,Approved
RT-01142,ORD-2024-023101,P-0538,2024-06-08,1,Changed mind,59900.0,Approved
RT-01143,ORD-2024-023112,P-0013,2024-06-12,2,Changed mind,18200.0,Approved
RT-01144,ORD-2024-023130,P-0560,2024-06-09,2,Damaged in transit,45400.0,Approved
RT-01145,ORD-2024-023132,P-0162,2024-06-10,1,Damaged in transit,30400.0,Approved
RT-01146,ORD-2024-023142,P-0422,2024-06-17,1,Changed mind,94500.0,Approved
RT-01147,ORD-2024-023157,P-0792,2024-06-19,1,Damaged in transit,6150.0,Approved
RT-01148,ORD-2024-023226,P-0479,2024-06-16,2,Wrong item delivered,349500.0,Rejected
RT-01149,ORD-2024-023261,P-0388,2024-06-20,1,Changed mind,396150.0,Approved
RT-01150,ORD-2024-023303,P-0267,2024-06-11,1,Changed mind,2500.0,Approved
RT-01151,ORD-2024-023313,P-0329,2024-06-18,1,Damaged in transit,2850.0,Approved
RT-01152,ORD-2024-023335,P-0774,2024-06-13,2,Damaged in transit,2500.0,Approved
RT-01153,ORD-2024-023387,P-0417,2024-06-21,2,Changed mind,223600.0,Approved
RT-01154,ORD-2024-023389,P-0017,2024-06-15,1,Damaged in transit,34850.0,Approved
RT-01155,ORD-2024-023442,P-1064,2024-06-23,1,Quality below expectation,48750.0,Approved
RT-01156,ORD-2024-023448,P-1102,2024-06-22,1,Damaged in transit,7400.0,Pending
RT-01157,ORD-2024-023453,P-0143,2024-06-24,1,Damaged in transit,10100.0,Approved
RT-01158,ORD-2024-023457,P-0628,2024-06-24,2,Damaged in transit,131800.0,Approved
RT-01159,ORD-2024-023482,P-0406,2024-06-19,1,Defective on arrival,376050.0,Approved
RT-01160,ORD-2024-023521,P-0985,2024-06-18,3,Wrong size,196950.0,Approved
RT-01161,ORD-2024-023554,P-0093,2024-06-19,1,Wrong item delivered,1000.0,Approved
RT-01162,ORD-2024-023555,P-0142,2024-06-16,1,Damaged in transit,2150.0,Approved
RT-01163,ORD-2024-023568,P-0298,2024-06-25,1,Expired product,5150.0,Approved
RT-01164,ORD-2024-023588,P-0988,2024-06-28,1,Quality below expectation,27850.0,Approved
RT-01165,ORD-2024-023606,P-0205,2024-06-21,1,Damaged in transit,6050.0,Approved
RT-01166,ORD-2024-023623,P-0977,2024-06-22,1,Quality below expectation,50700.0,Approved
RT-01167,ORD-2024-023634,P-0414,2024-06-27,1,Wrong item delivered,26600.0,Approved
RT-01168,ORD-2024-023636,P-0156,2024-06-15,1,Changed mind,26450.0,Approved
RT-01169,ORD-2024-023637,P-0240,2024-06-15,1,Changed mind,2750.0,Approved
RT-01170,ORD-2024-023638,P-0503,2024-06-26,1,Damaged in transit,842900.0,Approved
RT-01171,ORD-2024-023652,P-0928,2024-06-24,1,Damaged in transit,5200.0,Approved
RT-01172,ORD-2024-023686,P-1022,2024-06-18,1,Quality below expectation,17700.0,Approved
RT-01173,ORD-2024-023691,P-0445,2024-06-16,1,Defective on arrival,58150.0,Approved
RT-01174,ORD-2024-023764,P-0827,2024-06-22,1,Wrong item delivered,23400.0,Approved
RT-01175,ORD-2024-023797,P-0797,2024-06-18,1,Damaged in transit,2050.0,Rejected
RT-01176,ORD-2024-023799,P-0950,2024-06-25,1,Wrong item delivered,64300.0,Approved
RT-01177,ORD-2024-023810,P-0473,2024-06-19,2,Wrong item delivered,819300.0,Approved
RT-01178,ORD-2024-023815,P-0986,2024-06-24,1,Wrong size,50600.0,Approved
RT-01179,ORD-2024-023819,P-0390,2024-06-29,1,Defective on arrival,80250.0,Approved
RT-01180,ORD-2024-023823,P-1034,2024-06-30,1,Changed mind,35150.0,Approved
RT-01181,ORD-2024-023856,P-0054,2024-06-28,4,Changed mind,8000.0,Approved
RT-01182,ORD-2024-023876,P-0223,2024-07-03,1,Changed mind,4100.0,Approved
RT-01183,ORD-2024-023895,P-0957,2024-06-29,1,Changed mind,87250.0,Approved
RT-01184,ORD-2024-023925,P-1173,2024-06-21,3,Damaged in transit,93900.0,Rejected
RT-01185,ORD-2024-024027,P-0210,2024-07-05,1,Expired product,24200.0,Approved
RT-01186,ORD-2024-024044,P-0419,2024-06-25,1,Defective on arrival,468350.0,Approved
RT-01187,ORD-2024-024078,P-0060,2024-06-26,1,Expired product,22950.0,Approved
RT-01188,ORD-2024-024086,P-0417,2024-06-30,1,Wrong item delivered,111800.0,Approved
RT-01189,ORD-2024-024086,P-0989,2024-07-05,1,Changed mind,61550.0,Approved
RT-01190,ORD-2024-024097,P-0955,2024-06-26,1,Wrong item delivered,35550.0,Approved
RT-01191,ORD-2024-024137,P-1031,2024-07-08,2,Wrong item delivered,154900.0,Approved
RT-01192,ORD-2024-024159,P-0858,2024-07-08,1,Expired product,6200.0,Approved
RT-01193,ORD-2024-024214,P-0340,2024-07-02,2,Wrong item delivered,55900.0,Approved
RT-01194,ORD-2024-024243,P-0661,2024-07-08,1,Expired product,5300.0,Pending
RT-01195,ORD-2024-024245,P-0407,2024-07-03,1,Defective on arrival,179150.0,Approved
RT-01196,ORD-2024-024269,P-0132,2024-07-09,1,Wrong item delivered,6506.5,Rejected
RT-01197,ORD-2024-024287,P-0449,2024-07-10,1,Defective on arrival,84721.0,Approved
RT-01198,ORD-2024-024294,P-1065,2024-06-29,1,Quality below expectation,61106.5,Approved
RT-01199,ORD-2024-024351,P-0422,2024-07-12,1,Defective on arrival,94500.0,Pending
RT-01200,ORD-2024-024391,P-0327,2024-07-02,1,Damaged in transit,2800.0,Approved
RT-01201,ORD-2024-024438,P-1053,2024-07-11,1,Changed mind,64200.5,Approved
RT-01202,ORD-2024-024441,P-1056,2024-06-30,1,Wrong item delivered,6916.0,Approved
RT-01203,ORD-2024-024445,P-0456,2024-07-11,1,Wrong item delivered,129100.0,Approved
RT-01204,ORD-2024-024457,P-0155,2024-07-02,1,Expired product,33800.0,Approved
RT-01205,ORD-2024-024469,P-1180,2024-07-05,1,Changed mind,11800.0,Approved
RT-01206,ORD-2024-024495,P-0601,2024-07-08,1,Expired product,18200.0,Approved
RT-01207,ORD-2024-024499,P-0480,2024-07-12,1,Damaged in transit,144100.0,Approved
RT-01208,ORD-2024-024502,P-0545,2024-07-01,2,Damaged in transit,1131858.0,Rejected
RT-01209,ORD-2024-024502,P-1008,2024-07-04,1,Quality below expectation,12740.0,Approved
RT-01210,ORD-2024-024526,P-0828,2024-07-15,1,Changed mind,19292.0,Pending
RT-01211,ORD-2024-024542,P-0213,2024-07-11,2,Wrong item delivered,13100.0,Approved
RT-01212,ORD-2024-024548,P-0344,2024-07-14,1,Wrong item delivered,6050.0,Pending
RT-01213,ORD-2024-024578,P-0335,2024-07-13,1,Wrong item delivered,1500.0,Approved
RT-01214,ORD-2024-024636,P-0411,2024-07-10,1,Wrong item delivered,719000.0,Approved
RT-01215,ORD-2024-024643,P-1120,2024-07-10,1,Expired product,17700.0,Approved
RT-01216,ORD-2024-024686,P-1026,2024-07-05,1,Wrong item delivered,66800.0,Approved
RT-01217,ORD-2024-024687,P-0983,2024-07-13,1,Quality below expectation,49000.0,Approved
RT-01218,ORD-2024-024688,P-0982,2024-07-07,1,Wrong item delivered,98100.0,Approved
RT-01219,ORD-2024-024697,P-0990,2024-07-14,1,Wrong item delivered,84721.0,Approved
RT-01220,ORD-2024-024698,P-0400,2024-07-09,1,Changed mind,83128.5,Approved
RT-01221,ORD-2024-024713,P-1179,2024-07-11,1,Damaged in transit,20413.5,Approved
RT-01222,ORD-2024-024721,P-0491,2024-07-16,1,Wrong item delivered,152243.0,Rejected
RT-01223,ORD-2024-024739,P-0972,2024-07-17,1,Changed mind,78200.0,Approved
RT-01224,ORD-2024-024754,P-0181,2024-07-13,1,Damaged in transit,900.0,Approved
RT-01225,ORD-2024-024770,P-0779,2024-07-10,1,Wrong item delivered,13600.0,Approved
RT-01226,ORD-2024-024784,P-0623,2024-07-08,1,Expired product,9750.0,Approved
RT-01227,ORD-2024-024794,P-0391,2024-07-12,1,Changed mind,150450.0,Approved
RT-01228,ORD-2024-024811,P-0606,2024-07-16,1,Changed mind,8600.0,Approved
RT-01229,ORD-2024-024817,P-1027,2024-07-16,1,Wrong item delivered,67050.0,Approved
RT-01230,ORD-2024-024907,P-0512,2024-07-15,1,Wrong item delivered,52950.0,Rejected
RT-01231,ORD-2024-024908,P-0080,2024-07-18,1,Changed mind,6100.0,Approved
RT-01232,ORD-2024-024918,P-0884,2024-07-22,1,Changed mind,26150.0,Approved
RT-01233,ORD-2024-024947,P-0690,2024-07-11,1,Wrong item delivered,8300.0,Approved
RT-01234,ORD-2024-024957,P-0940,2024-07-13,1,Wrong size,111750.0,Approved
RT-01235,ORD-2024-024958,P-0947,2024-07-12,2,Wrong item delivered,208500.0,Approved
RT-01236,ORD-2024-025003,P-0955,2024-07-17,1,Changed mind,35550.0,Approved
RT-01237,ORD-2024-025009,P-0473,2024-07-24,1,Defective on arrival,409650.0,Approved
RT-01238,ORD-2024-025012,P-1013,2024-07-24,1,Quality below expectation,29950.0,Approved
RT-01239,ORD-2024-025014,P-1069,2024-07-18,1,Wrong size,38400.0,Approved
RT-01240,ORD-2024-025053,P-1169,2024-07-22,1,Expired product,17050.0,Approved
RT-01241,ORD-2024-025059,P-0556,2024-07-20,1,Damaged in transit,82440.0,Approved
RT-01242,ORD-2024-025061,P-0761,2024-07-16,1,Damaged in transit,8900.0,Approved
RT-01243,ORD-2024-025062,P-0046,2024-07-15,2,Changed mind,8500.0,Approved
RT-01244,ORD-2024-025065,P-0460,2024-07-24,1,Damaged in transit,188550.0,Approved
RT-01245,ORD-2024-025086,P-0591,2024-07-25,1,Wrong item delivered,45950.0,Approved
RT-01246,ORD-2024-025134,P-0459,2024-07-24,1,Wrong item delivered,83550.0,Approved
RT-01247,ORD-2024-025180,P-1168,2024-07-16,1,Expired product,15150.0,Approved
RT-01248,ORD-2024-025196,P-0336,2024-07-17,1,Expired product,600.0,Approved
RT-01249,ORD-2024-025208,P-0178,2024-07-25,1,Changed mind,15350.0,Approved
RT-01250,ORD-2024-025212,P-0263,2024-07-16,1,Changed mind,11900.0,Approved
RT-01251,ORD-2024-025213,P-0394,2024-07-19,1,Wrong item delivered,72700.0,Approved
RT-01252,ORD-2024-025214,P-0385,2024-07-15,2,Wrong item delivered,241400.0,Approved
RT-01253,ORD-2024-025236,P-0036,2024-07-26,1,Wrong item delivered,1550.0,Approved
RT-01254,ORD-2024-025257,P-0620,2024-07-18,1,Expired product,38250.0,Approved
RT-01255,ORD-2024-025287,P-0734,2024-07-26,2,Changed mind,114300.0,Approved
RT-01256,ORD-2024-025305,P-0475,2024-07-30,1,Defective on arrival,24700.0,Approved
RT-01257,ORD-2024-025313,P-0113,2024-07-28,1,Expired product,3200.0,Approved
RT-01258,ORD-2024-025357,P-1008,2024-07-31,2,Quality below expectation,28000.0,Approved
RT-01259,ORD-2024-025377,P-0421,2024-07-19,1,Changed mind,23700.0,Approved
RT-01260,ORD-2024-025384,P-0982,2024-07-29,1,Wrong item delivered,98100.0,Approved
RT-01261,ORD-2024-025449,P-0123,2024-07-27,1,Changed mind,41800.0,Approved
RT-01262,ORD-2024-025472,P-0118,2024-07-23,1,Changed mind,8000.0,Approved
RT-01263,ORD-2024-025521,P-0989,2024-07-25,1,Quality below expectation,61550.0,Approved
RT-01264,ORD-2024-025521,P-0386,2024-08-03,1,Changed mind,156000.0,Approved
RT-01265,ORD-2024-025525,P-0498,2024-08-03,1,Wrong item delivered,33050.0,Rejected
RT-01266,ORD-2024-025548,P-0459,2024-07-30,1,Defective on arrival,83550.0,Approved
RT-01267,ORD-2024-025550,P-1077,2024-08-05,1,Wrong item delivered,43550.0,Approved
RT-01268,ORD-2024-025567,P-1059,2024-07-31,1,Wrong size,41050.0,Approved
RT-01269,ORD-2024-025569,P-0498,2024-07-26,1,Changed mind,33050.0,Approved
RT-01270,ORD-2024-025580,P-1129,2024-07-29,1,Expired product,12250.0,Approved
RT-01271,ORD-2024-025645,P-0565,2024-08-05,1,Damaged in transit,2400.0,Approved
RT-01272,ORD-2024-025646,P-0968,2024-07-30,1,Wrong size,75950.0,Pending
RT-01273,ORD-2024-025647,P-0618,2024-08-01,1,Changed mind,7300.0,Approved
RT-01274,ORD-2024-025675,P-0369,2024-07-31,2,Damaged in transit,1674.0,Approved
RT-01275,ORD-2024-025692,P-0452,2024-07-31,1,Defective on arrival,29500.0,Rejected
RT-01276,ORD-2024-025703,P-1019,2024-07-29,1,Wrong size,97300.0,Approved
RT-01277,ORD-2024-025716,P-0688,2024-07-28,1,Wrong item delivered,13250.0,Approved
RT-01278,ORD-2024-025747,P-1029,2024-08-02,1,Wrong item delivered,105050.0,Approved
RT-01279,ORD-2024-025834,P-0377,2024-08-06,1,Changed mind,2092.5,Rejected
RT-01280,ORD-2024-025840,P-0519,2024-08-02,1,Wrong item delivered,58150.0,Approved
RT-01281,ORD-2024-025947,P-0835,2024-08-07,1,Damaged in transit,8800.0,Approved
RT-01282,ORD-2024-026025,P-0493,2024-08-04,1,Defective on arrival,47300.0,Approved
RT-01283,ORD-2024-026025,P-0445,2024-08-02,1,Wrong item delivered,58150.0,Rejected
RT-01284,ORD-2024-026049,P-0282,2024-08-02,2,Damaged in transit,6700.0,Approved
RT-01285,ORD-2024-026066,P-0387,2024-08-10,1,Wrong item delivered,129700.0,Approved
RT-01286,ORD-2024-026067,P-0269,2024-08-08,2,Expired product,11904.0,Rejected
RT-01287,ORD-2024-026076,P-0944,2024-08-08,1,Quality below expectation,18700.0,Approved
RT-01288,ORD-2024-026078,P-0723,2024-08-11,1,Damaged in transit,19000.0,Approved
RT-01289,ORD-2024-026083,P-0207,2024-08-02,1,Wrong item delivered,700.0,Approved
RT-01290,ORD-2024-026102,P-0220,2024-08-13,1,Changed mind,7150.0,Approved
RT-01291,ORD-2024-026137,P-0385,2024-08-08,1,Wrong item delivered,120700.0,Approved
RT-01292,ORD-2024-026139,P-0387,2024-08-08,1,Wrong item delivered,129700.0,Approved
RT-01293,ORD-2024-026140,P-0429,2024-08-06,1,Wrong item delivered,147250.0,Approved
RT-01294,ORD-2024-026146,P-0984,2024-08-07,1,Wrong size,103250.0,Approved
RT-01295,ORD-2024-026147,P-0506,2024-08-13,1,Wrong item delivered,839500.0,Approved
RT-01296,ORD-2024-026171,P-0441,2024-08-06,1,Changed mind,45650.0,Approved
RT-01297,ORD-2024-026199,P-0515,2024-08-11,1,Changed mind,58800.0,Approved
RT-01298,ORD-2024-026205,P-0118,2024-08-16,5,Expired product,37200.0,Pending
RT-01299,ORD-2024-026236,P-0286,2024-08-14,1,Changed mind,5250.0,Pending
RT-01300,ORD-2024-026239,P-0257,2024-08-13,5,Expired product,37750.0,Approved
RT-01301,ORD-2024-026242,P-0951,2024-08-11,1,Wrong item delivered,15600.0,Approved
RT-01302,ORD-2024-026279,P-0336,2024-08-11,1,Changed mind,600.0,Pending
RT-01303,ORD-2024-026280,P-0901,2024-08-11,1,Damaged in transit,1000.0,Approved
RT-01304,ORD-2024-026282,P-0838,2024-08-18,1,Damaged in transit,3400.0,Approved
RT-01305,ORD-2024-026287,P-0416,2024-08-06,1,Damaged in transit,84200.0,Approved
RT-01306,ORD-2024-026293,P-0498,2024-08-11,1,Changed mind,33050.0,Approved
RT-01307,ORD-2024-026319,P-0115,2024-08-14,1,Damaged in transit,4250.0,Approved
RT-01308,ORD-2024-026325,P-0796,2024-08-12,1,Damaged in transit,27500.0,Approved
RT-01309,ORD-2024-026331,P-1019,2024-08-19,1,Quality below expectation,97300.0,Approved
RT-01310,ORD-2024-026357,P-0237,2024-08-08,1,Wrong item delivered,2250.0,Approved
RT-01311,ORD-2024-026378,P-0917,2024-08-11,1,Wrong item delivered,1050.0,Approved
RT-01312,ORD-2024-026386,P-0396,2024-08-13,1,Wrong item delivered,79800.0,Pending
RT-01313,ORD-2024-026414,P-0403,2024-08-17,1,Changed mind,577600.0,Approved
RT-01314,ORD-2024-026418,P-0970,2024-08-17,1,Changed mind,43150.0,Approved
RT-01315,ORD-2024-026431,P-0222,2024-08-12,1,Wrong item delivered,5400.0,Approved
RT-01316,ORD-2024-026460,P-1052,2024-08-16,1,Wrong size,32050.0,Approved
RT-01317,ORD-2024-026467,P-0095,2024-08-20,1,Damaged in transit,7700.0,Approved
RT-01318,ORD-2024-026488,P-0203,2024-08-20,1,Damaged in transit,500.0,Approved
RT-01319,ORD-2024-026498,P-0428,2024-08-20,1,Changed mind,48950.0,Pending
RT-01320,ORD-2024-026530,P-0261,2024-08-17,3,Wrong item delivered,24600.0,Approved
RT-01321,ORD-2024-026552,P-0942,2024-08-13,1,Changed mind,60200.0,Rejected
RT-01322,ORD-2024-026555,P-0222,2024-08-21,1,Changed mind,5400.0,Approved
RT-01323,ORD-2024-026562,P-0406,2024-08-11,1,Changed mind,376050.0,Approved
RT-01324,ORD-2024-026579,P-0195,2024-08-13,1,Wrong item delivered,2750.0,Approved
RT-01325,ORD-2024-026625,P-0694,2024-08-20,1,Damaged in transit,9150.0,Approved
RT-01326,ORD-2024-026627,P-0384,2024-08-14,1,Damaged in transit,55300.0,Approved
RT-01327,ORD-2024-026642,P-0105,2024-08-25,1,Changed mind,15150.0,Pending
RT-01328,ORD-2024-026657,P-0664,2024-08-21,1,Changed mind,6750.0,Approved
RT-01329,ORD-2024-026662,P-0859,2024-08-22,1,Damaged in transit,20250.0,Approved
RT-01330,ORD-2024-026663,P-0730,2024-08-23,1,Wrong item delivered,8100.0,Approved
RT-01331,ORD-2024-026696,P-0106,2024-08-24,1,Changed mind,4700.0,Approved
RT-01332,ORD-2024-026696,P-0251,2024-08-17,1,Expired product,9400.0,Rejected
RT-01333,ORD-2024-026698,P-1049,2024-08-16,2,Quality below expectation,28000.0,Approved
RT-01334,ORD-2024-026727,P-0059,2024-08-17,1,Expired product,10400.0,Approved
RT-01335,ORD-2024-026738,P-0044,2024-08-24,1,Changed mind,2750.0,Approved
RT-01336,ORD-2024-026773,P-0194,2024-08-23,1,Changed mind,10300.0,Rejected
RT-01337,ORD-2024-026774,P-0594,2024-08-27,1,Expired product,72300.0,Approved
RT-01338,ORD-2024-026803,P-0535,2024-08-23,1,Changed mind,34350.0,Approved
RT-01339,ORD-2024-026808,P-0706,2024-08-29,1,Wrong item delivered,31950.0,Rejected
RT-01340,ORD-2024-026813,P-1081,2024-08-30,1,Changed mind,18100.0,Approved
RT-01341,ORD-2024-026834,P-0227,2024-08-29,1,Damaged in transit,8400.0,Rejected
RT-01342,ORD-2024-026851,P-0395,2024-08-29,2,Wrong item delivered,123300.0,Approved
RT-01343,ORD-2024-026901,P-0972,2024-08-25,1,Wrong item delivered,78200.0,Pending
RT-01344,ORD-2024-026945,P-0954,2024-08-27,1,Quality below expectation,97350.0,Approved
RT-01345,ORD-2024-026947,P-0710,2024-08-21,1,Expired product,29750.0,Approved
RT-01346,ORD-2024-026951,P-0146,2024-08-22,1,Damaged in transit,4400.0,Approved
RT-01347,ORD-2024-026957,P-0987,2024-08-30,1,Changed mind,69450.0,Rejected
RT-01348,ORD-2024-026966,P-0218,2024-08-29,2,Wrong item delivered,18600.0,Pending
RT-01349,ORD-2024-027040,P-0653,2024-09-03,1,Wrong item delivered,5100.0,Approved
RT-01350,ORD-2024-027064,P-0487,2024-08-24,1,Defective on arrival,72800.0,Approved
RT-01351,ORD-2024-027067,P-0399,2024-08-30,1,Defective on arrival,61500.0,Approved
RT-01352,ORD-2024-027093,P-0652,2024-09-03,1,Wrong item delivered,29550.0,Approved
RT-01353,ORD-2024-027142,P-0321,2024-08-26,1,Expired product,5850.0,Approved
RT-01354,ORD-2024-027212,P-0057,2024-09-03,2,Wrong item delivered,17600.0,Rejected
RT-01355,ORD-2024-027212,P-0259,2024-09-02,1,Damaged in transit,3300.0,Pending
RT-01356,ORD-2024-027221,P-1010,2024-09-07,2,Changed mind,181500.0,Approved
RT-01357,ORD-2024-027246,P-0201,2024-08-31,2,Wrong item delivered,3000.0,Approved
RT-01358,ORD-2024-027259,P-1019,2024-08-29,1,Quality below expectation,97300.0,Approved
RT-01359,ORD-2024-027272,P-0231,2024-09-01,1,Wrong item delivered,3750.0,Approved
RT-01360,ORD-2024-027283,P-1015,2024-08-29,1,Quality below expectation,86900.0,Approved
RT-01361,ORD-2024-027299,P-0497,2024-09-07,1,Damaged in transit,104100.0,Approved
RT-01362,ORD-2024-027351,P-0549,2024-09-01,1,Defective on arrival,47300.0,Approved
RT-01363,ORD-2024-027354,P-1044,2024-08-29,1,Wrong item delivered,14300.0,Pending
RT-01364,ORD-2024-027380,P-0330,2024-08-30,1,Damaged in transit,31900.0,Approved
RT-01365,ORD-2024-027391,P-1074,2024-09-11,1,Quality below expectation,77050.0,Approved
RT-01366,ORD-2024-027489,P-0237,2024-09-05,1,Damaged in transit,2250.0,Approved
RT-01367,ORD-2024-027504,P-0400,2024-08-31,1,Wrong item delivered,91350.0,Approved
RT-01368,ORD-2024-027507,P-0440,2024-09-13,1,Changed mind,81650.0,Rejected
RT-01369,ORD-2024-027508,P-0538,2024-09-13,1,Defective on arrival,59900.0,Approved
RT-01370,ORD-2024-027535,P-0265,2024-09-04,3,Changed mind,12150.0,Approved
RT-01371,ORD-2024-027546,P-0121,2024-09-04,1,Damaged in transit,36100.0,Approved
RT-01372,ORD-2024-027578,P-0390,2024-09-12,1,Wrong item delivered,80250.0,Approved
RT-01373,ORD-2024-027586,P-0459,2024-09-04,1,Wrong item delivered,83550.0,Approved
RT-01374,ORD-2024-027603,P-0511,2024-09-01,1,Defective on arrival,286350.0,Approved
RT-01375,ORD-2024-027618,P-0742,2024-09-10,1,Wrong item delivered,11600.0,Approved
RT-01376,ORD-2024-027644,P-0379,2024-09-10,2,Wrong item delivered,7100.0,Approved
RT-01377,ORD-2024-027649,P-0242,2024-09-09,1,Expired product,13700.0,Pending
RT-01378,ORD-2024-027653,P-0362,2024-09-11,1,Changed mind,2500.0,Approved
RT-01379,ORD-2024-027663,P-0450,2024-09-06,1,Changed mind,318150.0,Approved
RT-01380,ORD-2024-027665,P-0535,2024-09-14,1,Wrong item delivered,34350.0,Approved
RT-01381,ORD-2024-027668,P-1039,2024-09-05,1,Quality below expectation,80450.0,Approved
RT-01382,ORD-2024-027689,P-0131,2024-09-12,1,Wrong item delivered,1150.0,Approved
RT-01383,ORD-2024-027730,P-1015,2024-09-10,1,Changed mind,86900.0,Approved
RT-01384,ORD-2024-027739,P-0213,2024-09-16,1,Wrong item delivered,6550.0,Approved
RT-01385,ORD-2024-027762,P-0486,2024-09-09,1,Wrong item delivered,207670.0,Approved
RT-01386,ORD-2024-027802,P-0483,2024-09-09,1,Defective on arrival,41700.0,Approved
RT-01387,ORD-2024-027819,P-0190,2024-09-17,2,Wrong item delivered,2600.0,Approved
RT-01388,ORD-2024-027824,P-0143,2024-09-12,1,Changed mind,10100.0,Approved
RT-01389,ORD-2024-027828,P-0850,2024-09-06,1,Expired product,2400.0,Approved
RT-01390,ORD-2024-027838,P-0724,2024-09-14,1,Wrong item delivered,22450.0,Approved
RT-01391,ORD-2024-027849,P-0543,2024-09-10,1,Changed mind,90650.0,Approved
RT-01392,ORD-2024-027850,P-1026,2024-09-15,2,Wrong size,133600.0,Approved
RT-01393,ORD-2024-027858,P-0497,2024-09-09,1,Defective on arrival,104100.0,Approved
RT-01394,ORD-2024-027895,P-0352,2024-09-18,1,Wrong item delivered,40600.0,Approved
RT-01395,ORD-2024-027896,P-0546,2024-09-09,1,Wrong item delivered,97400.0,Approved
RT-01396,ORD-2024-027901,P-0043,2024-09-11,2,Expired product,10400.0,Approved
RT-01397,ORD-2024-027907,P-0597,2024-09-14,1,Changed mind,1100.0,Approved
RT-01398,ORD-2024-027928,P-0055,2024-09-12,2,Expired product,36000.0,Approved
RT-01399,ORD-2024-027945,P-0127,2024-09-17,1,Changed mind,3800.0,Approved
RT-01400,ORD-2024-027945,P-0056,2024-09-11,1,Damaged in transit,22450.0,Approved
RT-01401,ORD-2024-027982,P-1102,2024-09-18,1,Changed mind,7400.0,Approved
RT-01402,ORD-2024-027982,P-0168,2024-09-22,1,Wrong item delivered,18200.0,Approved
RT-01403,ORD-2024-028054,P-0505,2024-09-22,1,Wrong item delivered,727950.0,Pending
RT-01404,ORD-2024-028135,P-0075,2024-09-18,2,Damaged in transit,4800.0,Approved
RT-01405,ORD-2024-028150,P-1079,2024-09-16,1,Quality below expectation,93850.0,Approved
RT-01406,ORD-2024-028184,P-0070,2024-09-22,1,Wrong item delivered,11700.0,Approved
RT-01407,ORD-2024-028188,P-0659,2024-09-13,1,Wrong item delivered,6650.0,Approved
RT-01408,ORD-2024-028191,P-0635,2024-09-16,1,Changed mind,22900.0,Pending
RT-01409,ORD-2024-028192,P-0402,2024-09-20,1,Wrong item delivered,125800.0,Approved
RT-01410,ORD-2024-028229,P-0879,2024-09-19,1,Changed mind,4700.0,Approved
RT-01411,ORD-2024-028229,P-0230,2024-09-25,3,Changed mind,31800.0,Approved
RT-01412,ORD-2024-028246,P-0559,2024-09-18,1,Defective on arrival,94100.0,Approved
RT-01413,ORD-2024-028250,P-0045,2024-09-20,2,Changed mind,8800.0,Pending
RT-01414,ORD-2024-028283,P-0645,2024-09-22,1,Damaged in transit,1050.0,Approved
RT-01415,ORD-2024-028287,P-0539,2024-09-20,1,Damaged in transit,177750.0,Approved
RT-01416,ORD-2024-028288,P-0393,2024-09-28,1,Damaged in transit,179100.0,Approved
RT-01417,ORD-2024-028335,P-0720,2024-09-25,1,Damaged in transit,39650.0,Approved
RT-01418,ORD-2024-028336,P-0945,2024-09-29,1,Wrong item delivered,10520.0,Approved
RT-01419,ORD-2024-028343,P-1136,2024-09-22,1,Wrong item delivered,18550.0,Approved
RT-01420,ORD-2024-028351,P-1064,2024-09-19,1,Wrong item delivered,48750.0,Approved
RT-01421,ORD-2024-028359,P-1056,2024-09-16,1,Wrong size,7600.0,Pending
RT-01422,ORD-2024-028376,P-0968,2024-09-23,1,Wrong size,75950.0,Rejected
RT-01423,ORD-2024-028401,P-1048,2024-09-25,1,Wrong item delivered,86600.0,Approved
RT-01424,ORD-2024-028433,P-0826,2024-09-24,1,Expired product,6050.0,Approved
RT-01425,ORD-2024-028474,P-1158,2024-09-25,1,Damaged in transit,7350.0,Approved
RT-01426,ORD-2024-028504,P-1151,2024-09-23,1,Wrong item delivered,18000.0,Approved
RT-01427,ORD-2024-028529,P-1164,2024-09-22,3,Expired product,7965.0,Approved
RT-01428,ORD-2024-028570,P-0791,2024-09-30,1,Changed mind,1500.0,Approved
RT-01429,ORD-2024-028574,P-0160,2024-10-02,1,Changed mind,9600.0,Approved
RT-01430,ORD-2024-028579,P-0162,2024-09-24,1,Changed mind,30400.0,Approved
RT-01431,ORD-2024-028581,P-0074,2024-09-28,1,Wrong item delivered,900.0,Rejected
RT-01432,ORD-2024-028590,P-0964,2024-10-05,1,Changed mind,56600.0,Approved
RT-01433,ORD-2024-028590,P-0070,2024-09-24,1,Wrong item delivered,11700.0,Approved
RT-01434,ORD-2024-028609,P-0407,2024-09-25,1,Damaged in transit,179150.0,Approved
RT-01435,ORD-2024-028622,P-0590,2024-09-27,1,Damaged in transit,15134.0,Approved
RT-01436,ORD-2024-028627,P-0859,2024-09-22,1,Changed mind,20250.0,Approved
RT-01437,ORD-2024-028627,P-0559,2024-09-27,1,Damaged in transit,94100.0,Approved
RT-01438,ORD-2024-028629,P-0476,2024-09-24,3,Defective on arrival,60600.0,Rejected
RT-01439,ORD-2024-028632,P-0476,2024-09-25,2,Wrong item delivered,40400.0,Approved
RT-01440,ORD-2024-028639,P-0950,2024-10-03,1,Quality below expectation,51440.0,Approved
RT-01441,ORD-2024-028643,P-0719,2024-10-02,1,Wrong item delivered,25150.0,Approved
RT-01442,ORD-2024-028659,P-0706,2024-10-05,1,Changed mind,31950.0,Approved
RT-01443,ORD-2024-028674,P-0475,2024-10-03,1,Defective on arrival,24700.0,Approved
RT-01444,ORD-2024-028716,P-0228,2024-10-02,1,Wrong item delivered,2050.0,Rejected
RT-01445,ORD-2024-028733,P-0543,2024-10-02,1,Wrong item delivered,90650.0,Approved
RT-01446,ORD-2024-028771,P-0422,2024-10-02,1,Changed mind,94500.0,Approved
RT-01447,ORD-2024-028798,P-1022,2024-09-27,1,Quality below expectation,16284.0,Approved
RT-01448,ORD-2024-028819,P-0508,2024-09-26,1,Defective on arrival,93700.0,Approved
RT-01449,ORD-2024-028826,P-0487,2024-09-27,1,Defective on arrival,72800.0,Approved
RT-01450,ORD-2024-028841,P-0277,2024-09-27,1,Changed mind,2800.0,Approved
RT-01451,ORD-2024-028866,P-0334,2024-10-02,1,Damaged in transit,4350.0,Approved
RT-01452,ORD-2024-028880,P-0966,2024-10-09,1,Changed mind,76200.0,Rejected
RT-01453,ORD-2024-028888,P-0416,2024-10-06,2,Defective on arrival,168400.0,Approved
RT-01454,ORD-2024-028909,P-0237,2024-09-30,1,Expired product,2250.0,Approved
RT-01455,ORD-2024-028935,P-0264,2024-10-04,1,Wrong item delivered,12682.5,Approved
RT-01456,ORD-2024-028942,P-0091,2024-10-10,1,Expired product,3000.0,Approved
RT-01457,ORD-2024-029017,P-0513,2024-10-05,1,Wrong item delivered,50550.0,Approved
RT-01458,ORD-2024-029026,P-0455,2024-09-30,1,Changed mind,111350.0,Approved
RT-01459,ORD-2024-029026,P-0452,2024-10-10,3,Damaged in transit,88500.0,Approved
RT-01460,ORD-2024-029070,P-0525,2024-10-12,1,Changed mind,6900.0,Approved
RT-01461,ORD-2024-029080,P-0981,2024-10-02,2,Wrong size,66700.0,Approved
RT-01462,ORD-2024-029112,P-0210,2024-10-06,1,Wrong item delivered,24200.0,Approved
RT-01463,ORD-2024-029133,P-1002,2024-10-07,1,Wrong item delivered,68450.0,Approved
RT-01464,ORD-2024-029157,P-0610,2024-10-03,1,Changed mind,15600.0,Rejected
RT-01465,ORD-2024-029164,P-0203,2024-10-13,1,Expired product,500.0,Approved
RT-01466,ORD-2024-029214,P-1022,2024-10-05,2,Quality below expectation,35400.0,Approved
RT-01467,ORD-2024-029217,P-0529,2024-10-15,1,Wrong item delivered,155500.0,Approved
RT-01468,ORD-2024-029242,P-0889,2024-10-06,1,Expired product,600.0,Approved
RT-01469,ORD-2024-029261,P-0992,2024-10-14,1,Changed mind,29200.0,Approved
RT-01470,ORD-2024-029267,P-0467,2024-10-03,1,Defective on arrival,766550.0,Pending
RT-01471,ORD-2024-029270,P-1058,2024-10-14,1,Wrong item delivered,24100.0,Approved
RT-01472,ORD-2024-029299,P-0862,2024-10-11,1,Expired product,5500.0,Approved
RT-01473,ORD-2024-029308,P-0957,2024-10-17,2,Wrong size,174500.0,Pending
RT-01474,ORD-2024-029312,P-0817,2024-10-08,1,Expired product,15750.0,Approved
RT-01475,ORD-2024-029321,P-1115,2024-10-11,1,Expired product,3850.0,Approved
RT-01476,ORD-2024-029410,P-1029,2024-10-17,1,Wrong item delivered,105050.0,Approved
RT-01477,ORD-2024-029450,P-0048,2024-10-17,1,Damaged in transit,1700.0,Approved
RT-01478,ORD-2024-029468,P-0437,2024-10-15,1,Defective on arrival,749100.0,Approved
RT-01479,ORD-2024-029477,P-0538,2024-10-16,1,Damaged in transit,59900.0,Rejected
RT-01480,ORD-2024-029479,P-0387,2024-10-12,1,Wrong item delivered,129700.0,Pending
RT-01481,ORD-2024-029567,P-0351,2024-10-16,2,Changed mind,65500.0,Approved
RT-01482,ORD-2024-029606,P-0210,2024-10-13,1,Changed mind,24200.0,Rejected
RT-01483,ORD-2024-029649,P-0510,2024-10-15,1,Wrong item delivered,28200.0,Approved
RT-01484,ORD-2024-029676,P-0939,2024-10-20,1,Wrong size,146200.0,Approved
RT-01485,ORD-2024-029744,P-0048,2024-10-15,1,Wrong item delivered,1700.0,Approved
RT-01486,ORD-2024-029755,P-0037,2024-10-26,2,Damaged in transit,12800.0,Rejected
RT-01487,ORD-2024-029764,P-0453,2024-10-18,1,Changed mind,234500.0,Approved
RT-01488,ORD-2024-029766,P-0687,2024-10-21,1,Wrong item delivered,18900.0,Pending
RT-01489,ORD-2024-029781,P-0933,2024-10-16,1,Quality below expectation,11100.0,Approved
RT-01490,ORD-2024-029784,P-1095,2024-10-21,1,Damaged in transit,14350.0,Pending
RT-01491,ORD-2024-029806,P-0539,2024-10-23,1,Changed mind,177750.0,Pending
RT-01492,ORD-2024-029848,P-0225,2024-10-17,1,Wrong item delivered,7600.0,Approved
RT-01493,ORD-2024-029870,P-1169,2024-10-23,1,Expired product,17050.0,Approved
RT-01494,ORD-2024-029884,P-0104,2024-10-28,2,Wrong item delivered,66300.0,Approved
RT-01495,ORD-2024-029910,P-0394,2024-10-28,1,Defective on arrival,72700.0,Approved
RT-01496,ORD-2024-029949,P-0456,2024-10-24,1,Defective on arrival,129100.0,Rejected
RT-01497,ORD-2024-029951,P-0609,2024-10-20,1,Expired product,83800.0,Approved
RT-01498,ORD-2024-029953,P-0361,2024-10-19,1,Expired product,22350.0,Approved
RT-01499,ORD-2024-029955,P-0478,2024-10-22,1,Defective on arrival,284450.0,Approved
RT-01500,ORD-2024-029956,P-1072,2024-10-24,1,Quality below expectation,8100.0,Approved
RT-01501,ORD-2024-029998,P-1022,2024-10-25,1,Wrong size,17700.0,Approved
RT-01502,ORD-2024-030042,P-1059,2024-11-02,1,Quality below expectation,41050.0,Approved
RT-01503,ORD-2024-030051,P-1021,2024-10-21,1,Wrong item delivered,61519.5,Approved
RT-01504,ORD-2024-030067,P-1037,2024-10-27,1,Quality below expectation,76950.0,Approved
RT-01505,ORD-2024-030093,P-0982,2024-10-20,2,Quality below expectation,196200.0,Approved
RT-01506,ORD-2024-030102,P-0316,2024-10-24,2,Damaged in transit,41800.0,Approved
RT-01507,ORD-2024-030145,P-0840,2024-10-29,2,Changed mind,14700.0,Approved
RT-01508,ORD-2024-030195,P-1127,2024-10-24,1,Damaged in transit,38550.0,Approved
RT-01509,ORD-2024-030227,P-0941,2024-10-28,1,Changed mind,98600.0,Approved
RT-01510,ORD-2024-030237,P-0933,2024-11-03,1,Quality below expectation,11100.0,Approved
RT-01511,ORD-2024-030256,P-0529,2024-11-01,1,Changed mind,155500.0,Pending
RT-01512,ORD-2024-030283,P-1085,2024-10-26,1,Expired product,10400.0,Approved
RT-01513,ORD-2024-030319,P-0068,2024-11-08,1,Damaged in transit,4900.0,Approved
RT-01514,ORD-2024-030346,P-0480,2024-11-03,1,Wrong item delivered,144100.0,Pending
RT-01515,ORD-2024-030356,P-0467,2024-10-27,1,Changed mind,766550.0,Approved
RT-01516,ORD-2024-030364,P-0361,2024-11-01,1,Changed mind,22350.0,Rejected
RT-01517,ORD-2024-030371,P-1053,2024-11-05,1,Wrong size,70550.0,Approved
RT-01518,ORD-2024-030378,P-0967,2024-10-28,1,Wrong size,89900.0,Approved
RT-01519,ORD-2024-030380,P-0728,2024-11-03,1,Expired product,59754.0,Approved
RT-01520,ORD-2024-030393,P-0740,2024-11-04,1,Damaged in transit,1932.0,Rejected
RT-01521,ORD-2024-030409,P-0445,2024-11-08,1,Defective on arrival,58150.0,Approved
RT-01522,ORD-2024-030415,P-0441,2024-10-30,1,Wrong item delivered,45650.0,Approved
RT-01523,ORD-2024-030424,P-1030,2024-10-30,1,Wrong size,84350.0,Approved
RT-01524,ORD-2024-030439,P-0190,2024-11-05,1,Wrong item delivered,1300.0,Approved
RT-01525,ORD-2024-030486,P-1000,2024-11-07,1,Changed mind,34850.0,Approved
RT-01526,ORD-2024-030487,P-0972,2024-10-28,3,Wrong item delivered,234600.0,Approved
RT-01527,ORD-2024-030489,P-1049,2024-11-05,1,Changed mind,14000.0,Approved
RT-01528,ORD-2024-030493,P-0437,2024-11-09,1,Changed mind,749100.0,Approved
RT-01529,ORD-2024-030519,P-1195,2024-11-06,1,Changed mind,7950.0,Rejected
RT-01530,ORD-2024-030524,P-0461,2024-10-30,1,Changed mind,73850.0,Approved
RT-01531,ORD-2024-030527,P-0712,2024-11-05,1,Expired product,16950.0,Pending
RT-01532,ORD-2024-030536,P-1038,2024-11-05,1,Quality below expectation,25250.0,Approved
RT-01533,ORD-2024-030570,P-0171,2024-11-09,1,Expired product,2700.0,Approved
RT-01534,ORD-2024-030574,P-0409,2024-11-04,1,Damaged in transit,309400.0,Approved
RT-01535,ORD-2024-030581,P-0703,2024-11-09,1,Changed mind,3750.0,Approved
RT-01536,ORD-2024-030611,P-0246,2024-11-05,2,Damaged in transit,1400.0,Approved
RT-01537,ORD-2024-030658,P-0520,2024-11-06,1,Changed mind,339200.0,Approved
RT-01538,ORD-2024-030661,P-0828,2024-11-08,1,Wrong item delivered,19292.0,Approved
RT-01539,ORD-2024-030697,P-0462,2024-11-14,1,Damaged in transit,291950.0,Rejected
RT-01540,ORD-2024-030705,P-0043,2024-11-01,1,Expired product,5200.0,Approved
RT-01541,ORD-2024-030710,P-1053,2024-11-05,1,Changed mind,70550.0,Approved
RT-01542,ORD-2024-030717,P-0393,2024-11-09,1,Changed mind,162981.0,Rejected
RT-01543,ORD-2024-030725,P-1085,2024-11-04,1,Expired product,10400.0,Approved
RT-01544,ORD-2024-030793,P-0502,2024-11-06,1,Wrong item delivered,138900.0,Approved
RT-01545,ORD-2024-030812,P-0559,2024-11-10,1,Defective on arrival,94100.0,Approved
RT-01546,ORD-2024-030824,P-0275,2024-11-10,1,Damaged in transit,3300.0,Approved
RT-01547,ORD-2024-030829,P-0989,2024-11-15,1,Changed mind,61550.0,Approved
RT-01548,ORD-2024-030843,P-0948,2024-11-09,1,Wrong item delivered,62800.0,Rejected
RT-01549,ORD-2024-030884,P-0364,2024-11-07,1,Changed mind,1100.0,Approved
RT-01550,ORD-2024-030902,P-0587,2024-11-15,1,Expired product,4300.0,Approved
RT-01551,ORD-2024-030902,P-0486,2024-11-13,1,Damaged in transit,218600.0,Approved
RT-01552,ORD-2024-030984,P-0372,2024-11-17,1,Expired product,2350.0,Approved
RT-01553,ORD-2024-030990,P-0466,2024-11-12,1,Changed mind,71950.0,Approved
RT-01554,ORD-2024-031007,P-1016,2024-11-11,1,Quality below expectation,27800.0,Approved
RT-01555,ORD-2024-031021,P-0330,2024-11-15,1,Changed mind,31900.0,Approved
RT-01556,ORD-2024-031041,P-0411,2024-11-18,2,Changed mind,1438000.0,Approved
RT-01557,ORD-2024-031086,P-1073,2024-11-21,1,Wrong size,43650.0,Approved
RT-01558,ORD-2024-031094,P-0724,2024-11-21,1,Expired product,22450.0,Approved
RT-01559,ORD-2024-031095,P-0270,2024-11-09,1,Damaged in transit,2150.0,Approved
RT-01560,ORD-2024-031116,P-0011,2024-11-22,1,Expired product,9550.0,Approved
RT-01561,ORD-2024-031131,P-0695,2024-11-10,2,Expired product,1330.0,Approved
RT-01562,ORD-2024-031134,P-0480,2024-11-21,2,Wrong item delivered,288200.0,Approved
RT-01563,ORD-2024-031160,P-0375,2024-11-14,1,Changed mind,1500.0,Approved
RT-01564,ORD-2024-031201,P-0531,2024-11-15,1,Wrong item delivered,59550.0,Approved
RT-01565,ORD-2024-031248,P-0441,2024-11-11,1,Wrong item delivered,45650.0,Approved
RT-01566,ORD-2024-031287,P-0232,2024-11-23,1,Changed mind,4050.0,Approved
RT-01567,ORD-2024-031332,P-1056,2024-11-14,1,Quality below expectation,7600.0,Approved
RT-01568,ORD-2024-031355,P-0192,2024-11-23,1,Wrong item delivered,5750.0,Approved
RT-01569,ORD-2024-031381,P-0541,2024-11-14,1,Wrong item delivered,307991.0,Rejected
RT-01570,ORD-2024-031382,P-0550,2024-11-20,1,Damaged in transit,131350.0,Approved
RT-01571,ORD-2024-031383,P-1034,2024-11-16,1,Wrong size,35150.0,Approved
RT-01572,ORD-2024-031393,P-0547,2024-11-20,1,Changed mind,51250.0,Approved
RT-01573,ORD-2024-031415,P-0104,2024-11-24,1,Damaged in transit,33150.0,Approved
RT-01574,ORD-2024-031440,P-0873,2024-11-22,1,Expired product,8700.0,Approved
RT-01575,ORD-2024-031445,P-0889,2024-11-18,1,Changed mind,600.0,Approved
RT-01576,ORD-2024-031456,P-1034,2024-11-26,1,Changed mind,35150.0,Approved
RT-01577,ORD-2024-031470,P-0189,2024-11-29,1,Damaged in transit,2850.0,Rejected
RT-01578,ORD-2024-031475,P-0014,2024-11-23,1,Wrong item delivered,950.0,Approved
RT-01579,ORD-2024-031478,P-0304,2024-11-18,1,Wrong item delivered,3900.0,Rejected
RT-01580,ORD-2024-031488,P-0893,2024-11-24,1,Wrong item delivered,1450.0,Approved
RT-01581,ORD-2024-031524,P-0119,2024-11-30,1,Wrong item delivered,1350.0,Approved
RT-01582,ORD-2024-031528,P-0596,2024-11-27,2,Expired product,177300.0,Approved
RT-01583,ORD-2024-031533,P-0422,2024-11-26,1,Defective on arrival,94500.0,Approved
RT-01584,ORD-2024-031546,P-0022,2024-12-01,1,Wrong item delivered,7750.0,Approved
RT-01585,ORD-2024-031548,P-0506,2024-11-19,1,Damaged in transit,839500.0,Approved
RT-01586,ORD-2024-031566,P-0746,2024-11-20,1,Damaged in transit,4800.0,Rejected
RT-01587,ORD-2024-031599,P-0283,2024-11-30,1,Damaged in transit,4900.0,Rejected
RT-01588,ORD-2024-031633,P-0636,2024-11-22,1,Expired product,5050.0,Approved
RT-01589,ORD-2024-031645,P-0413,2024-11-23,1,Changed mind,668800.0,Approved
RT-01590,ORD-2024-031659,P-0479,2024-12-01,1,Damaged in transit,174750.0,Approved
RT-01591,ORD-2024-031665,P-0599,2024-12-01,1,Wrong item delivered,1650.0,Approved
RT-01592,ORD-2024-031672,P-0525,2024-11-26,1,Changed mind,6900.0,Approved
RT-01593,ORD-2024-031706,P-1046,2024-11-27,1,Changed mind,71400.0,Approved
RT-01594,ORD-2024-031717,P-0262,2024-11-28,1,Damaged in transit,350.0,Approved
RT-01595,ORD-2024-031754,P-0398,2024-12-05,1,Changed mind,42400.0,Rejected
RT-01596,ORD-2024-031758,P-0030,2024-11-26,2,Damaged in transit,4800.0,Approved
RT-01597,ORD-2024-031768,P-0950,2024-11-30,1,Quality below expectation,64300.0,Approved
RT-01598,ORD-2024-031792,P-0489,2024-11-29,1,Wrong item delivered,45350.0,Approved
RT-01599,ORD-2024-031792,P-0502,2024-12-01,1,Changed mind,138900.0,Approved
RT-01600,ORD-2024-031801,P-0381,2024-11-27,3,Damaged in transit,1232700.0,Pending
RT-01601,ORD-2024-031806,P-0170,2024-12-07,1,Expired product,2400.0,Approved
RT-01602,ORD-2024-031844,P-0946,2024-11-26,1,Wrong size,70300.0,Approved
RT-01603,ORD-2024-031870,P-0625,2024-11-28,1,Wrong item delivered,58995.0,Approved
RT-01604,ORD-2024-031870,P-0362,2024-11-25,1,Expired product,2500.0,Rejected
RT-01605,ORD-2024-031924,P-1035,2024-12-03,1,Quality below expectation,100250.0,Approved
RT-01606,ORD-2024-031941,P-0956,2024-11-27,1,Wrong size,63950.0,Approved
RT-01607,ORD-2024-031958,P-1152,2024-11-26,1,Expired product,3150.0,Approved
RT-01608,ORD-2024-031993,P-0520,2024-11-27,1,Damaged in transit,339200.0,Approved
RT-01609,ORD-2024-032000,P-0546,2024-12-08,1,Damaged in transit,85712.0,Approved
RT-01610,ORD-2024-032016,P-1183,2024-11-27,2,Expired product,20200.0,Approved
RT-01611,ORD-2024-032032,P-0064,2024-12-03,1,Damaged in transit,1800.0,Rejected
RT-01612,ORD-2024-032073,P-0033,2024-11-28,5,Expired product,7750.0,Approved
RT-01613,ORD-2024-032092,P-0568,2024-11-27,1,Changed mind,38650.0,Pending
RT-01614,ORD-2024-032100,P-0441,2024-12-07,1,Changed mind,31955.0,Approved
RT-01615,ORD-2024-032106,P-0395,2024-12-01,1,Damaged in transit,61650.0,Approved
RT-01616,ORD-2024-032108,P-0971,2024-11-30,2,Quality below expectation,176300.0,Approved
RT-01617,ORD-2024-032114,P-0954,2024-12-01,1,Quality below expectation,68145.0,Approved
RT-01618,ORD-2024-032172,P-0104,2024-12-02,1,Expired product,23205.0,Approved
RT-01619,ORD-2024-032184,P-0112,2024-11-29,1,Changed mind,7800.0,Approved
RT-01620,ORD-2024-032237,P-0530,2024-12-06,1,Changed mind,53650.0,Approved
RT-01621,ORD-2024-032243,P-0452,2024-12-11,1,Defective on arrival,29500.0,Approved
RT-01622,ORD-2024-032246,P-0935,2024-12-08,2,Wrong size,96551.0,Rejected
RT-01623,ORD-2024-032253,P-0482,2024-11-29,1,Wrong item delivered,81800.0,Pending
RT-01624,ORD-2024-032254,P-0994,2024-12-02,2,Wrong item delivered,220800.0,Approved
RT-01625,ORD-2024-032255,P-0449,2024-11-29,2,Defective on arrival,186200.0,Approved
RT-01626,ORD-2024-032258,P-1043,2024-11-29,1,Changed mind,17955.0,Approved
RT-01627,ORD-2024-032321,P-0891,2024-12-08,1,Changed mind,4950.0,Pending
RT-01628,ORD-2024-032322,P-0175,2024-12-06,1,Wrong item delivered,28650.0,Approved
RT-01629,ORD-2024-032347,P-0706,2024-12-04,1,Damaged in transit,28116.0,Approved
RT-01630,ORD-2024-032393,P-0397,2024-12-01,1,Defective on arrival,133150.0,Approved
RT-01631,ORD-2024-032411,P-0744,2024-12-07,1,Expired product,5950.0,Approved
RT-01632,ORD-2024-032461,P-0712,2024-12-11,1,Changed mind,14916.0,Approved
RT-01633,ORD-2024-032492,P-0139,2024-12-13,1,Damaged in transit,7161.0,Pending
RT-01634,ORD-2024-032500,P-0407,2024-12-10,1,Changed mind,179150.0,Approved
RT-01635,ORD-2024-032559,P-0571,2024-12-08,1,Expired product,77550.0,Approved
RT-01636,ORD-2024-032636,P-1049,2024-12-03,1,Quality below expectation,14000.0,Approved
RT-01637,ORD-2024-032645,P-0890,2024-12-03,1,Damaged in transit,2508.0,Approved
RT-01638,ORD-2024-032646,P-0114,2024-12-02,2,Expired product,8000.0,Approved
RT-01639,ORD-2024-032686,P-0946,2024-12-10,1,Wrong size,70300.0,Approved
RT-01640,ORD-2024-032702,P-0454,2024-12-10,1,Damaged in transit,127800.0,Approved
RT-01641,ORD-2024-032716,P-0199,2024-12-08,1,Wrong item delivered,3000.0,Approved
RT-01642,ORD-2024-032730,P-0162,2024-12-05,1,Changed mind,27968.0,Approved
RT-01643,ORD-2024-032750,P-0285,2024-12-06,1,Damaged in transit,900.0,Approved
RT-01644,ORD-2024-032756,P-0402,2024-12-11,1,Wrong item delivered,110704.0,Approved
RT-01645,ORD-2024-032773,P-0218,2024-12-08,1,Wrong item delivered,9300.0,Approved
RT-01646,ORD-2024-032832,P-0601,2024-12-07,1,Changed mind,18200.0,Approved
RT-01647,ORD-2024-032857,P-0868,2024-12-04,1,Changed mind,1050.0,Approved
RT-01648,ORD-2024-032881,P-1063,2024-12-02,1,Quality below expectation,62260.0,Approved
RT-01649,ORD-2024-032890,P-0520,2024-12-13,1,Damaged in transit,339200.0,Approved
RT-01650,ORD-2024-032896,P-0463,2024-12-13,1,Wrong item delivered,81550.0,Approved
RT-01651,ORD-2024-032913,P-1064,2024-12-14,2,Changed mind,85800.0,Approved
RT-01652,ORD-2024-032933,P-0997,2024-12-10,1,Changed mind,131692.0,Rejected
RT-01653,ORD-2024-032940,P-0458,2024-12-05,3,Damaged in transit,212652.0,Approved
RT-01654,ORD-2024-032945,P-1050,2024-12-02,1,Changed mind,28644.0,Approved
RT-01655,ORD-2024-032951,P-0451,2024-12-13,1,Wrong item delivered,324300.0,Pending
RT-01656,ORD-2024-032955,P-0145,2024-12-04,1,Wrong item delivered,36550.0,Approved
RT-01657,ORD-2024-032957,P-0316,2024-12-16,1,Wrong item delivered,20900.0,Approved
RT-01658,ORD-2024-032987,P-0848,2024-12-09,1,Changed mind,10400.0,Rejected
RT-01659,ORD-2024-032991,P-0515,2024-12-04,1,Defective on arrival,51744.0,Approved
RT-01660,ORD-2024-033022,P-0439,2024-12-04,1,Wrong item delivered,25600.0,Approved
RT-01661,ORD-2024-033038,P-1031,2024-12-16,1,Wrong size,54215.0,Approved
RT-01662,ORD-2024-033042,P-0069,2024-12-05,1,Damaged in transit,6350.0,Approved
RT-01663,ORD-2024-033087,P-1143,2024-12-08,1,Expired product,56550.0,Rejected
RT-01664,ORD-2024-033088,P-1047,2024-12-15,1,Changed mind,99400.0,Approved
RT-01665,ORD-2024-033090,P-0408,2024-12-03,1,Damaged in transit,147550.0,Pending
RT-01666,ORD-2024-033098,P-0450,2024-12-15,1,Changed mind,222705.0,Rejected
RT-01667,ORD-2024-033106,P-0552,2024-12-07,1,Wrong item delivered,72600.0,Approved
RT-01668,ORD-2024-033110,P-0995,2024-12-07,1,Wrong size,103664.0,Approved
RT-01669,ORD-2024-033181,P-0246,2024-12-08,1,Damaged in transit,700.0,Approved
RT-01670,ORD-2024-033227,P-0154,2024-12-14,1,Damaged in transit,4750.0,Approved
RT-01671,ORD-2024-033255,P-0957,2024-12-17,1,Wrong size,87250.0,Approved
RT-01672,ORD-2024-033297,P-0080,2024-12-12,1,Expired product,6100.0,Approved
RT-01673,ORD-2024-033302,P-0107,2024-12-18,1,Damaged in transit,6250.0,Approved
RT-01674,ORD-2024-033373,P-0028,2024-12-15,1,Changed mind,4950.0,Approved
RT-01675,ORD-2024-033445,P-0497,2024-12-16,2,Changed mind,208200.0,Pending
RT-01676,ORD-2024-033463,P-0724,2024-12-13,1,Damaged in transit,22450.0,Pending
RT-01677,ORD-2024-033506,P-0024,2024-12-11,1,Expired product,1850.0,Approved
RT-01678,ORD-2024-033509,P-0975,2024-12-09,1,Changed mind,62300.0,Approved
RT-01679,ORD-2024-033516,P-0452,2024-12-18,1,Wrong item delivered,29500.0,Approved
RT-01680,ORD-2024-033527,P-0437,2024-12-23,1,Changed mind,749100.0,Approved
RT-01681,ORD-2024-033555,P-0259,2024-12-14,2,Damaged in transit,6600.0,Approved
RT-01682,ORD-2024-033566,P-0400,2024-12-22,2,Wrong item delivered,182700.0,Approved
RT-01683,ORD-2024-033582,P-0529,2024-12-12,1,Defective on arrival,155500.0,Pending
RT-01684,ORD-2024-033585,P-0466,2024-12-14,1,Changed mind,71950.0,Approved
RT-01685,ORD-2024-033587,P-0424,2024-12-14,1,Wrong item delivered,397050.0,Approved
RT-01686,ORD-2024-033611,P-0963,2024-12-23,1,Wrong item delivered,91900.0,Approved
RT-01687,ORD-2024-033627,P-0971,2024-12-14,1,Wrong item delivered,88150.0,Approved
RT-01688,ORD-2024-033635,P-0470,2024-12-11,1,Damaged in transit,71450.0,Pending
RT-01689,ORD-2024-033736,P-0149,2024-12-14,1,Wrong item delivered,3550.0,Approved
RT-01690,ORD-2024-033742,P-1075,2024-12-20,1,Changed mind,19600.0,Rejected
RT-01691,ORD-2024-033753,P-1058,2024-12-23,1,Changed mind,24100.0,Approved
RT-01692,ORD-2024-033754,P-1008,2024-12-21,1,Quality below expectation,14000.0,Approved
RT-01693,ORD-2024-033760,P-1035,2024-12-19,1,Changed mind,100250.0,Approved
RT-01694,ORD-2024-033786,P-0265,2024-12-14,1,Damaged in transit,3442.5,Approved
RT-01695,ORD-2024-033788,P-0868,2024-12-23,2,Expired product,2100.0,Approved
RT-01696,ORD-2024-033790,P-0048,2024-12-23,1,Wrong item delivered,1700.0,Pending
RT-01697,ORD-2024-033831,P-0870,2024-12-17,1,Damaged in transit,800.0,Approved
RT-01698,ORD-2024-033832,P-0107,2024-12-18,3,Changed mind,18750.0,Approved
RT-01699,ORD-2024-033858,P-0167,2024-12-21,1,Changed mind,1785.0,Approved
RT-01700,ORD-2024-033876,P-0442,2024-12-22,1,Damaged in transit,385350.0,Rejected
RT-01701,ORD-2024-033883,P-1180,2024-12-26,1,Wrong item delivered,11800.0,Approved
RT-01702,ORD-2024-033903,P-0081,2024-12-24,2,Expired product,8400.0,Approved
RT-01703,ORD-2024-033930,P-1049,2024-12-20,1,Wrong item delivered,14000.0,Pending
RT-01704,ORD-2024-033936,P-0187,2024-12-23,1,Changed mind,2507.5,Approved
RT-01705,ORD-2024-033958,P-0616,2024-12-16,1,Damaged in transit,40200.0,Approved
RT-01706,ORD-2024-033978,P-0083,2024-12-27,1,Wrong item delivered,4750.0,Approved
RT-01707,ORD-2024-034005,P-1143,2024-12-25,1,Damaged in transit,56550.0,Approved
RT-01708,ORD-2024-034048,P-0323,2024-12-25,1,Expired product,8950.0,Approved
RT-01709,ORD-2024-034069,P-1105,2024-12-26,1,Wrong item delivered,9500.0,Approved
RT-01710,ORD-2024-034080,P-0545,2024-12-25,1,Changed mind,621900.0,Approved
RT-01711,ORD-2024-034092,P-0844,2024-12-31,1,Changed mind,8450.0,Rejected
RT-01712,ORD-2024-034104,P-0487,2024-12-29,1,Damaged in transit,72800.0,Pending
RT-01713,ORD-2024-034106,P-0243,2024-12-19,2,Expired product,2400.0,Approved
RT-01714,ORD-2024-034125,P-0305,2024-12-26,1,Changed mind,4700.0,Approved
RT-01715,ORD-2024-034126,P-1115,2025-01-01,1,Damaged in transit,3850.0,Approved
RT-01716,ORD-2024-034132,P-0140,2024-12-26,2,Wrong item delivered,4200.0,Rejected
RT-01717,ORD-2024-034165,P-1069,2024-12-26,2,Wrong size,76800.0,Approved
RT-01718,ORD-2024-034200,P-0597,2024-12-29,1,Wrong item delivered,1100.0,Pending
RT-01719,ORD-2024-034269,P-0108,2024-12-25,1,Wrong item delivered,1232.5,Approved
RT-01720,ORD-2024-034320,P-0617,2024-12-21,2,Expired product,2900.0,Approved
RT-01721,ORD-2024-034380,P-0112,2025-01-03,1,Damaged in transit,7800.0,Approved
RT-01722,ORD-2024-034395,P-0560,2024-12-30,1,Changed mind,21111.0,Approved
RT-01723,ORD-2024-034411,P-0385,2025-01-03,1,Damaged in transit,120700.0,Approved
RT-01724,ORD-2024-034427,P-0393,2024-12-23,1,Defective on arrival,179100.0,Rejected
RT-01725,ORD-2024-034459,P-1057,2024-12-27,1,Quality below expectation,89300.0,Rejected
RT-01726,ORD-2024-034461,P-0258,2024-12-28,1,Damaged in transit,5227.5,Approved
RT-01727,ORD-2024-034470,P-0931,2024-12-31,1,Quality below expectation,34350.0,Approved
RT-01728,ORD-2024-034555,P-0455,2024-12-30,1,Damaged in transit,111350.0,Approved
RT-01729,ORD-2024-034563,P-0317,2025-01-02,1,Wrong item delivered,7900.0,Approved
RT-01730,ORD-2024-034568,P-0534,2025-01-01,1,Wrong item delivered,162100.0,Rejected
RT-01731,ORD-2024-034575,P-0719,2025-01-07,1,Expired product,25150.0,Approved
RT-01732,ORD-2024-034583,P-0494,2024-12-27,1,Defective on arrival,220600.0,Approved
RT-01733,ORD-2024-034586,P-1048,2025-01-03,1,Quality below expectation,86600.0,Approved
RT-01734,ORD-2024-034646,P-0473,2024-12-28,1,Wrong item delivered,409650.0,Approved
RT-01735,ORD-2024-034648,P-0280,2025-01-03,1,Wrong item delivered,11000.0,Approved
RT-01736,ORD-2024-034657,P-1011,2025-01-08,1,Quality below expectation,55100.0,Approved
RT-01737,ORD-2024-034661,P-0955,2024-12-28,1,Wrong size,35550.0,Approved
RT-01738,ORD-2024-034668,P-0956,2024-12-30,1,Changed mind,63950.0,Approved
RT-01739,ORD-2024-034669,P-0405,2025-01-06,1,Wrong item delivered,119150.0,Approved
RT-01740,ORD-2024-034671,P-1137,2025-01-03,1,Expired product,5750.0,Approved
RT-01741,ORD-2024-034706,P-1168,2025-01-04,1,Expired product,15150.0,Pending
RT-01742,ORD-2024-034708,P-0379,2024-12-29,1,Damaged in transit,3550.0,Approved
RT-01743,ORD-2024-034739,P-0005,2024-12-31,1,Expired product,1900.0,Approved
RT-01744,ORD-2024-034748,P-0987,2025-01-05,1,Wrong item delivered,69450.0,Approved
RT-01745,ORD-2024-034849,P-0571,2025-01-04,1,Damaged in transit,77550.0,Approved
RT-01746,ORD-2024-034849,P-1034,2025-01-04,1,Quality below expectation,35150.0,Approved
RT-01747,ORD-2024-034888,P-0241,2025-01-05,1,Wrong item delivered,19400.0,Approved
RT-01748,ORD-2024-034910,P-1103,2025-01-10,1,Wrong item delivered,11150.0,Approved
RT-01749,ORD-2024-034935,P-0726,2025-01-10,2,Expired product,66700.0,Approved
RT-01750,ORD-2024-034965,P-0385,2025-01-04,1,Defective on arrival,120700.0,Pending
RT-01751,ORD-2024-034966,P-1062,2025-01-06,1,Wrong size,83550.0,Approved
RT-01752,ORD-2024-034967,P-0356,2025-01-10,1,Expired product,3412.5,Approved
RT-01753,ORD-2024-034976,P-0709,2025-01-12,1,Changed mind,2100.0,Approved
RT-01754,ORD-2024-035016,P-0707,2025-01-03,1,Wrong item delivered,3400.0,Approved
RT-01755,ORD-2024-035019,P-1134,2024-12-31,1,Wrong item delivered,11300.0,Approved
RT-01756,ORD-2024-035029,P-0072,2025-01-09,1,Changed mind,3550.0,Approved
RT-01757,ORD-2024-035063,P-0511,2025-01-08,1,Damaged in transit,286350.0,Pending
RT-01758,ORD-2024-035075,P-0195,2025-01-07,1,Expired product,2750.0,Pending
RT-01759,ORD-2024-035086,P-1102,2025-01-05,1,Damaged in transit,7400.0,Approved
RT-01760,ORD-2024-035120,P-0674,2025-01-08,2,Wrong item delivered,11800.0,Approved
RT-01761,ORD-2024-035194,P-1177,2025-01-02,1,Damaged in transit,33500.0,Approved
RT-01762,ORD-2024-035230,P-0473,2025-01-05,1,Damaged in transit,409650.0,Rejected
RT-01763,ORD-2024-035231,P-0546,2025-01-06,1,Wrong item delivered,97400.0,Approved
RT-01764,ORD-2024-035233,P-0502,2025-01-04,1,Defective on arrival,138900.0,Approved
RT-01765,ORD-2024-035235,P-0954,2025-01-01,1,Quality below expectation,97350.0,Approved
RT-01766,ORD-2024-035235,P-0406,2025-01-10,1,Wrong item delivered,376050.0,Approved
RT-01767,ORD-2024-035238,P-0987,2025-01-03,1,Changed mind,69450.0,Approved
RT-01768,ORD-2025-035247,P-0882,2025-01-11,1,Expired product,8150.0,Approved
RT-01769,ORD-2025-035264,P-0052,2025-01-06,2,Wrong item delivered,6200.0,Approved
RT-01770,ORD-2025-035291,P-1003,2025-01-02,1,Quality below expectation,43250.0,Approved
RT-01771,ORD-2025-035300,P-1071,2025-01-09,1,Quality below expectation,86800.0,Approved
RT-01772,ORD-2025-035328,P-0988,2025-01-03,1,Changed mind,27850.0,Approved
RT-01773,ORD-2025-035339,P-0233,2025-01-09,1,Changed mind,1500.0,Rejected
RT-01774,ORD-2025-035354,P-0035,2025-01-06,1,Damaged in transit,12950.0,Approved
RT-01775,ORD-2025-035374,P-0782,2025-01-12,1,Damaged in transit,7000.0,Approved
RT-01776,ORD-2025-035381,P-0416,2025-01-15,1,Damaged in transit,84200.0,Approved
RT-01777,ORD-2025-035386,P-0408,2025-01-05,1,Damaged in transit,147550.0,Approved
RT-01778,ORD-2025-035393,P-0947,2025-01-16,1,Quality below expectation,104250.0,Approved
RT-01779,ORD-2025-035398,P-1192,2025-01-13,2,Expired product,32500.0,Approved
RT-01780,ORD-2025-035404,P-1035,2025-01-07,1,Wrong size,100250.0,Approved
RT-01781,ORD-2025-035437,P-0196,2025-01-17,1,Wrong item delivered,5082.5,Approved
RT-01782,ORD-2025-035455,P-0447,2025-01-08,1,Wrong item delivered,81050.0,Approved
RT-01783,ORD-2025-035460,P-0998,2025-01-15,1,Quality below expectation,45900.0,Rejected
RT-01784,ORD-2025-035461,P-0488,2025-01-14,1,Wrong item delivered,18800.0,Approved
RT-01785,ORD-2025-035472,P-0353,2025-01-06,1,Damaged in transit,9650.0,Approved
RT-01786,ORD-2025-035478,P-0631,2025-01-16,1,Expired product,39300.0,Approved
RT-01787,ORD-2025-035519,P-1023,2025-01-07,1,Wrong item delivered,40250.0,Rejected
RT-01788,ORD-2025-035532,P-0398,2025-01-05,1,Defective on arrival,42400.0,Approved
RT-01789,ORD-2025-035588,P-0751,2025-01-08,1,Changed mind,4650.0,Approved
RT-01790,ORD-2025-035601,P-0749,2025-01-08,1,Damaged in transit,2750.0,Approved
RT-01791,ORD-2025-035610,P-0227,2025-01-14,1,Changed mind,8400.0,Approved
RT-01792,ORD-2025-035642,P-0430,2025-01-12,1,Defective on arrival,173750.0,Approved
RT-01793,ORD-2025-035643,P-1079,2025-01-13,1,Wrong size,93850.0,Approved
RT-01794,ORD-2025-035643,P-0412,2025-01-08,1,Wrong item delivered,111150.0,Approved
RT-01795,ORD-2025-035649,P-0515,2025-01-08,1,Defective on arrival,58800.0,Approved
RT-01796,ORD-2025-035649,P-1131,2025-01-11,1,Damaged in transit,4250.0,Approved
RT-01797,ORD-2025-035652,P-1013,2025-01-15,1,Quality below expectation,29950.0,Pending
RT-01798,ORD-2025-035654,P-0381,2025-01-19,1,Wrong item delivered,410900.0,Approved
RT-01799,ORD-2025-035670,P-0736,2025-01-13,1,Expired product,81750.0,Approved
RT-01800,ORD-2025-035692,P-1111,2025-01-14,1,Changed mind,13500.0,Approved
RT-01801,ORD-2025-035694,P-0974,2025-01-17,1,Quality below expectation,110850.0,Pending
RT-01802,ORD-2025-035733,P-0928,2025-01-09,1,Changed mind,5200.0,Approved
RT-01803,ORD-2025-035733,P-0534,2025-01-16,1,Changed mind,162100.0,Approved
RT-01804,ORD-2025-035734,P-0716,2025-01-11,1,Changed mind,78650.0,Approved
RT-01805,ORD-2025-035738,P-0220,2025-01-13,1,Wrong item delivered,7150.0,Approved
RT-01806,ORD-2025-035760,P-0501,2025-01-13,1,Damaged in transit,179800.0,Approved
RT-01807,ORD-2025-035814,P-0744,2025-01-16,1,Changed mind,5950.0,Approved
RT-01808,ORD-2025-035826,P-0062,2025-01-20,2,Changed mind,1500.0,Approved
RT-01809,ORD-2025-035868,P-0481,2025-01-24,1,Wrong item delivered,360800.0,Approved
RT-01810,ORD-2025-035935,P-0401,2025-01-13,1,Wrong item delivered,234650.0,Approved
RT-01811,ORD-2025-035975,P-0171,2025-01-20,1,Changed mind,2700.0,Pending
RT-01812,ORD-2025-036054,P-0948,2025-01-16,1,Wrong item delivered,62800.0,Approved
RT-01813,ORD-2025-036056,P-1077,2025-01-21,1,Changed mind,43550.0,Approved
RT-01814,ORD-2025-036063,P-1172,2025-01-14,1,Wrong item delivered,39250.0,Approved
RT-01815,ORD-2025-036072,P-1016,2025-01-20,1,Wrong size,26132.0,Approved
RT-01816,ORD-2025-036103,P-0461,2025-01-23,1,Wrong item delivered,73850.0,Rejected
RT-01817,ORD-2025-036112,P-0469,2025-01-16,1,Wrong item delivered,153750.0,Approved
RT-01818,ORD-2025-036130,P-0394,2025-01-25,1,Wrong item delivered,72700.0,Approved
RT-01819,ORD-2025-036131,P-0386,2025-01-28,1,Wrong item delivered,156000.0,Approved
RT-01820,ORD-2025-036133,P-0517,2025-01-22,1,Damaged in transit,19450.0,Approved
RT-01821,ORD-2025-036143,P-0259,2025-01-22,1,Changed mind,3300.0,Approved
RT-01822,ORD-2025-036146,P-0454,2025-01-22,1,Changed mind,127800.0,Approved
RT-01823,ORD-2025-036163,P-1158,2025-01-24,1,Expired product,7350.0,Approved
RT-01824,ORD-2025-036163,P-1031,2025-01-28,1,Wrong item delivered,77450.0,Pending
RT-01825,ORD-2025-036181,P-1068,2025-01-16,2,Wrong item delivered,173400.0,Approved
RT-01826,ORD-2025-036184,P-0416,2025-01-23,1,Changed mind,84200.0,Approved
RT-01827,ORD-2025-036204,P-0848,2025-01-19,1,Changed mind,10400.0,Approved
RT-01828,ORD-2025-036213,P-0132,2025-01-24,1,Wrong item delivered,7150.0,Approved
RT-01829,ORD-2025-036232,P-0909,2025-01-19,1,Changed mind,3550.0,Approved
RT-01830,ORD-2025-036273,P-0934,2025-01-28,1,Quality below expectation,51400.0,Approved
RT-01831,ORD-2025-036284,P-1049,2025-01-22,1,Quality below expectation,14000.0,Approved
RT-01832,ORD-2025-036295,P-0449,2025-01-18,2,Damaged in transit,186200.0,Approved
RT-01833,ORD-2025-036334,P-0786,2025-01-31,1,Damaged in transit,18900.0,Approved
RT-01834,ORD-2025-036345,P-1023,2025-01-22,1,Quality below expectation,40250.0,Approved
RT-01835,ORD-2025-036348,P-0545,2025-01-26,1,Changed mind,590805.0,Approved
RT-01836,ORD-2025-036401,P-0306,2025-01-26,3,Expired product,34500.0,Approved
RT-01837,ORD-2025-036420,P-0455,2025-01-23,1,Changed mind,111350.0,Approved
RT-01838,ORD-2025-036424,P-0398,2025-01-27,1,Changed mind,42400.0,Approved
RT-01839,ORD-2025-036459,P-0775,2025-01-26,1,Changed mind,6600.0,Approved
RT-01840,ORD-2025-036460,P-0729,2025-01-29,1,Damaged in transit,5650.0,Pending
RT-01841,ORD-2025-036494,P-1199,2025-01-22,1,Changed mind,14750.0,Approved
RT-01842,ORD-2025-036509,P-0478,2025-01-31,1,Changed mind,284450.0,Approved
RT-01843,ORD-2025-036527,P-0401,2025-01-27,1,Changed mind,234650.0,Approved
RT-01844,ORD-2025-036574,P-0213,2025-02-04,1,Damaged in transit,6550.0,Approved
RT-01845,ORD-2025-036601,P-0529,2025-01-26,1,Damaged in transit,155500.0,Approved
RT-01846,ORD-2025-036607,P-0560,2025-01-28,1,Wrong item delivered,22700.0,Approved
RT-01847,ORD-2025-036675,P-0490,2025-01-30,1,Defective on arrival,123800.0,Pending
RT-01848,ORD-2025-036694,P-0838,2025-02-05,1,Changed mind,3400.0,Approved
RT-01849,ORD-2025-036717,P-0377,2025-01-29,1,Damaged in transit,2250.0,Approved
RT-01850,ORD-2025-036717,P-0427,2025-01-25,1,Wrong item delivered,116950.0,Pending
RT-01851,ORD-2025-036727,P-1055,2025-02-02,1,Quality below expectation,24800.0,Approved
RT-01852,ORD-2025-036728,P-0474,2025-02-01,1,Changed mind,362500.0,Approved
RT-01853,ORD-2025-036737,P-0423,2025-02-02,1,Defective on arrival,413200.0,Approved
RT-01854,ORD-2025-036799,P-0535,2025-02-06,1,Damaged in transit,34350.0,Approved
RT-01855,ORD-2025-036811,P-0417,2025-02-06,1,Damaged in transit,111800.0,Pending
RT-01856,ORD-2025-036813,P-0649,2025-02-08,1,Wrong item delivered,7800.0,Rejected
RT-01857,ORD-2025-036868,P-0543,2025-02-04,1,Defective on arrival,90650.0,Approved
RT-01858,ORD-2025-036873,P-0139,2025-02-02,1,Expired product,7700.0,Approved
RT-01859,ORD-2025-036882,P-1060,2025-02-09,1,Quality below expectation,77150.0,Approved
RT-01860,ORD-2025-036894,P-0362,2025-02-02,1,Changed mind,2500.0,Approved
RT-01861,ORD-2025-036946,P-0896,2025-02-03,1,Expired product,8272.0,Pending
RT-01862,ORD-2025-036955,P-0605,2025-02-02,1,Expired product,17437.0,Approved
RT-01863,ORD-2025-036965,P-0739,2025-01-31,2,Damaged in transit,150500.0,Approved
RT-01864,ORD-2025-036971,P-0532,2025-01-28,1,Damaged in transit,30600.0,Approved
RT-01865,ORD-2025-037022,P-1048,2025-02-08,3,Wrong item delivered,259800.0,Approved
RT-01866,ORD-2025-037034,P-0975,2025-02-06,1,Wrong item delivered,62300.0,Approved
RT-01867,ORD-2025-037061,P-0438,2025-01-31,1,Defective on arrival,157450.0,Approved
RT-01868,ORD-2025-037090,P-0273,2025-02-11,1,Changed mind,2200.0,Approved
RT-01869,ORD-2025-037095,P-0194,2025-02-09,1,Wrong item delivered,10300.0,Approved
RT-01870,ORD-2025-037137,P-0043,2025-01-31,1,Expired product,5200.0,Approved
RT-01871,ORD-2025-037138,P-0460,2025-02-07,1,Damaged in transit,188550.0,Approved
RT-01872,ORD-2025-037144,P-0099,2025-02-08,2,Expired product,14600.0,Approved
RT-01873,ORD-2025-037172,P-0509,2025-02-04,1,Damaged in transit,666900.0,Approved
RT-01874,ORD-2025-037182,P-0493,2025-02-08,1,Wrong item delivered,47300.0,Pending
RT-01875,ORD-2025-037211,P-1039,2025-02-08,1,Wrong size,80450.0,Pending
RT-01876,ORD-2025-037228,P-1071,2025-02-04,1,Changed mind,86800.0,Rejected
RT-01877,ORD-2025-037233,P-1030,2025-02-10,1,Changed mind,84350.0,Approved
RT-01878,ORD-2025-037247,P-0836,2025-02-01,1,Damaged in transit,997.5,Approved
RT-01879,ORD-2025-037250,P-0759,2025-02-13,1,Changed mind,1400.0,Approved
RT-01880,ORD-2025-037261,P-0756,2025-02-08,1,Damaged in transit,11100.0,Approved
RT-01881,ORD-2025-037291,P-0824,2025-02-02,1,Wrong item delivered,9450.0,Approved
RT-01882,ORD-2025-037314,P-0529,2025-02-08,1,Changed mind,155500.0,Approved
RT-01883,ORD-2025-037332,P-0498,2025-02-06,1,Changed mind,33050.0,Rejected
RT-01884,ORD-2025-037340,P-0855,2025-02-11,1,Expired product,4450.0,Approved
RT-01885,ORD-2025-037347,P-0637,2025-02-02,1,Damaged in transit,16356.0,Approved
RT-01886,ORD-2025-037372,P-0547,2025-02-13,1,Wrong item delivered,51250.0,Rejected
RT-01887,ORD-2025-037374,P-0403,2025-02-11,1,Wrong item delivered,577600.0,Rejected
RT-01888,ORD-2025-037385,P-1048,2025-02-12,1,Wrong size,86600.0,Approved
RT-01889,ORD-2025-037417,P-1029,2025-02-16,1,Changed mind,105050.0,Approved
RT-01890,ORD-2025-037427,P-0851,2025-02-08,1,Changed mind,5850.0,Approved
RT-01891,ORD-2025-037430,P-0320,2025-02-13,1,Expired product,2576.0,Approved
RT-01892,ORD-2025-037479,P-0916,2025-02-06,1,Wrong item delivered,8450.0,Approved
RT-01893,ORD-2025-037497,P-0983,2025-02-10,1,Wrong item delivered,46550.0,Approved
RT-01894,ORD-2025-037507,P-0560,2025-02-12,1,Changed mind,22700.0,Pending
RT-01895,ORD-2025-037508,P-0404,2025-02-16,1,Changed mind,28100.0,Approved
RT-01896,ORD-2025-037535,P-0125,2025-02-07,1,Damaged in transit,500.0,Approved
RT-01897,ORD-2025-037568,P-1004,2025-02-10,1,Wrong size,38350.0,Approved
RT-01898,ORD-2025-037588,P-1024,2025-02-14,1,Quality below expectation,14650.0,Approved
RT-01899,ORD-2025-037597,P-0806,2025-02-19,1,Wrong item delivered,6300.0,Approved
RT-01900,ORD-2025-037598,P-0995,2025-02-12,1,Quality below expectation,117800.0,Approved
RT-01901,ORD-2025-037617,P-0560,2025-02-19,1,Defective on arrival,22700.0,Approved
RT-01902,ORD-2025-037618,P-0636,2025-02-12,1,Changed mind,5050.0,Pending
RT-01903,ORD-2025-037625,P-0002,2025-02-11,1,Wrong item delivered,1750.0,Approved
RT-01904,ORD-2025-037663,P-1080,2025-02-18,1,Wrong size,32100.0,Pending
RT-01905,ORD-2025-037664,P-1051,2025-02-12,1,Changed mind,16554.0,Approved
RT-01906,ORD-2025-037675,P-0818,2025-02-15,1,Expired product,4600.0,Approved
RT-01907,ORD-2025-037681,P-0832,2025-02-20,1,Changed mind,2100.0,Approved
RT-01908,ORD-2025-037706,P-0055,2025-02-12,1,Changed mind,18000.0,Approved
RT-01909,ORD-2025-037724,P-0344,2025-02-21,1,Wrong item delivered,6050.0,Approved
RT-01910,ORD-2025-037726,P-0500,2025-02-15,1,Changed mind,384650.0,Approved
RT-01911,ORD-2025-037729,P-0467,2025-02-18,1,Changed mind,705226.0,Approved
RT-01912,ORD-2025-037739,P-0030,2025-02-15,1,Changed mind,2400.0,Rejected
RT-01913,ORD-2025-037755,P-0162,2025-02-18,1,Expired product,30400.0,Rejected
RT-01914,ORD-2025-037778,P-0420,2025-02-10,1,Changed mind,534750.0,Approved
RT-01915,ORD-2025-037797,P-0237,2025-02-20,1,Wrong item delivered,2250.0,Approved
RT-01916,ORD-2025-037831,P-0448,2025-02-21,1,Changed mind,370300.0,Approved
RT-01917,ORD-2025-037843,P-1029,2025-02-14,1,Quality below expectation,105050.0,Approved
RT-01918,ORD-2025-037862,P-0796,2025-02-20,1,Changed mind,27500.0,Approved
RT-01919,ORD-2025-037884,P-0956,2025-02-22,1,Changed mind,63950.0,Approved
RT-01920,ORD-2025-037941,P-0281,2025-02-15,1,Expired product,12000.0,Approved
RT-01921,ORD-2025-037967,P-0955,2025-02-13,1,Quality below expectation,35550.0,Rejected
RT-01922,ORD-2025-037985,P-0133,2025-02-26,1,Damaged in transit,35550.0,Approved
RT-01923,ORD-2025-038015,P-0497,2025-02-25,1,Damaged in transit,104100.0,Approved
RT-01924,ORD-2025-038084,P-0511,2025-02-21,1,Changed mind,286350.0,Approved
RT-01925,ORD-2025-038122,P-0620,2025-02-20,1,Changed mind,38250.0,Approved
RT-01926,ORD-2025-038143,P-0955,2025-02-22,1,Quality below expectation,35550.0,Approved
RT-01927,ORD-2025-038172,P-0008,2025-02-25,3,Damaged in transit,21450.0,Approved
RT-01928,ORD-2025-038172,P-0213,2025-03-01,1,Wrong item delivered,6550.0,Approved
RT-01929,ORD-2025-038213,P-1023,2025-02-18,1,Quality below expectation,40250.0,Approved
RT-01930,ORD-2025-038252,P-0144,2025-02-24,2,Expired product,20398.0,Approved
RT-01931,ORD-2025-038264,P-0283,2025-02-19,1,Wrong item delivered,4900.0,Approved
RT-01932,ORD-2025-038264,P-0487,2025-02-21,1,Changed mind,72800.0,Approved
RT-01933,ORD-2025-038268,P-0718,2025-02-28,1,Changed mind,31700.0,Approved
RT-01934,ORD-2025-038273,P-0463,2025-02-18,1,Defective on arrival,116500.0,Approved
RT-01935,ORD-2025-038286,P-0393,2025-02-19,2,Wrong item delivered,358200.0,Approved
RT-01936,ORD-2025-038299,P-0711,2025-02-28,1,Wrong item delivered,3250.0,Rejected
RT-01937,ORD-2025-038300,P-1066,2025-02-18,2,Wrong item delivered,63100.0,Pending
RT-01938,ORD-2025-038349,P-0109,2025-03-01,1,Wrong item delivered,7100.0,Approved
RT-01939,ORD-2025-038404,P-0359,2025-02-23,1,Changed mind,3150.0,Approved
RT-01940,ORD-2025-038414,P-0234,2025-03-04,1,Changed mind,2550.0,Approved
RT-01941,ORD-2025-038425,P-0456,2025-02-26,1,Damaged in transit,129100.0,Approved
RT-01942,ORD-2025-038425,P-0434,2025-02-21,2,Damaged in transit,44300.0,Approved
RT-01943,ORD-2025-038433,P-0475,2025-02-21,1,Defective on arrival,24700.0,Approved
RT-01944,ORD-2025-038442,P-0961,2025-02-21,1,Changed mind,92050.0,Approved
RT-01945,ORD-2025-038482,P-1080,2025-02-22,1,Quality below expectation,32100.0,Approved
RT-01946,ORD-2025-038501,P-0833,2025-03-05,1,Wrong item delivered,10600.0,Approved
RT-01947,ORD-2025-038506,P-0389,2025-03-05,2,Defective on arrival,114900.0,Approved
RT-01948,ORD-2025-038520,P-0882,2025-03-02,1,Changed mind,8150.0,Approved
RT-01949,ORD-2025-038572,P-0524,2025-03-05,1,Changed mind,195050.0,Approved
RT-01950,ORD-2025-038581,P-0060,2025-03-08,1,Wrong item delivered,22950.0,Approved
RT-01951,ORD-2025-038583,P-0018,2025-02-23,1,Wrong item delivered,3800.0,Approved
RT-01952,ORD-2025-038621,P-0609,2025-03-02,2,Wrong item delivered,167600.0,Approved
RT-01953,ORD-2025-038639,P-1070,2025-03-05,1,Quality below expectation,92150.0,Approved
RT-01954,ORD-2025-038660,P-0742,2025-03-01,1,Damaged in transit,11600.0,Approved
RT-01955,ORD-2025-038699,P-0415,2025-03-02,1,Damaged in transit,23218.0,Approved
RT-01956,ORD-2025-038703,P-0983,2025-03-02,1,Wrong size,44590.0,Approved
RT-01957,ORD-2025-038714,P-0795,2025-03-08,1,Changed mind,1450.0,Approved
RT-01958,ORD-2025-038720,P-0469,2025-03-05,1,Damaged in transit,153750.0,Approved
RT-01959,ORD-2025-038731,P-1065,2025-02-26,2,Quality below expectation,134300.0,Approved
RT-01960,ORD-2025-038748,P-1046,2025-03-01,1,Changed mind,71400.0,Approved
RT-01961,ORD-2025-038749,P-0463,2025-02-25,1,Changed mind,116500.0,Approved
RT-01962,ORD-2025-038756,P-1053,2025-02-28,1,Wrong size,70550.0,Pending
RT-01963,ORD-2025-038772,P-0919,2025-02-26,1,Damaged in transit,10850.0,Approved
RT-01964,ORD-2025-038776,P-0103,2025-03-07,1,Expired product,7605.0,Approved
RT-01965,ORD-2025-038842,P-0412,2025-03-05,2,Damaged in transit,222300.0,Rejected
RT-01966,ORD-2025-038852,P-0797,2025-03-10,1,Wrong item delivered,2050.0,Approved
RT-01967,ORD-2025-038861,P-0136,2025-03-07,1,Damaged in transit,4750.0,Approved
RT-01968,ORD-2025-038873,P-0821,2025-03-09,1,Expired product,12350.0,Approved
RT-01969,ORD-2025-038889,P-0308,2025-03-10,1,Changed mind,2025.0,Approved
RT-01970,ORD-2025-038906,P-0993,2025-03-02,1,Wrong size,119650.0,Approved
RT-01971,ORD-2025-038916,P-1014,2025-03-08,1,Changed mind,24900.0,Approved
RT-01972,ORD-2025-038918,P-1040,2025-03-06,1,Wrong size,33900.0,Approved
RT-01973,ORD-2025-038940,P-0086,2025-03-01,1,Wrong item delivered,6184.5,Rejected
RT-01974,ORD-2025-038995,P-0854,2025-03-02,1,Wrong item delivered,4005.0,Approved
RT-01975,ORD-2025-039004,P-0438,2025-03-04,1,Defective on arrival,157450.0,Approved
RT-01976,ORD-2025-039015,P-1001,2025-03-07,1,Wrong size,35775.0,Approved
RT-01977,ORD-2025-039017,P-0004,2025-03-09,2,Changed mind,65800.0,Approved
RT-01978,ORD-2025-039028,P-0317,2025-03-12,1,Wrong item delivered,7900.0,Approved
RT-01979,ORD-2025-039053,P-1063,2025-03-08,1,Wrong item delivered,63675.0,Approved
RT-01980,ORD-2025-039084,P-0494,2025-03-01,1,Changed mind,198540.0,Approved
RT-01981,ORD-2025-039085,P-0522,2025-03-03,1,Defective on arrival,4700.0,Approved
RT-01982,ORD-2025-039099,P-0229,2025-03-06,1,Expired product,660.0,Rejected
RT-01983,ORD-2025-039145,P-1188,2025-03-04,1,Damaged in transit,67900.0,Approved
RT-01984,ORD-2025-039150,P-1048,2025-03-08,1,Changed mind,77940.0,Rejected
RT-01985,ORD-2025-039155,P-0510,2025-03-07,1,Damaged in transit,28200.0,Approved
RT-01986,ORD-2025-039158,P-0393,2025-03-08,1,Defective on arrival,179100.0,Pending
RT-01987,ORD-2025-039172,P-0461,2025-03-03,1,Damaged in transit,66465.0,Approved
RT-01988,ORD-2025-039177,P-0966,2025-03-09,1,Changed mind,76200.0,Approved
RT-01989,ORD-2025-039178,P-0612,2025-03-11,1,Damaged in transit,2115.0,Approved
RT-01990,ORD-2025-039184,P-0575,2025-03-07,2,Expired product,23800.0,Approved
RT-01991,ORD-2025-039196,P-0349,2025-03-11,1,Wrong item delivered,4576.0,Approved
RT-01992,ORD-2025-039201,P-0043,2025-03-15,3,Changed mind,15600.0,Approved
RT-01993,ORD-2025-039203,P-0088,2025-03-15,2,Damaged in transit,8976.0,Pending
RT-01994,ORD-2025-039222,P-1154,2025-03-16,3,Damaged in transit,87450.0,Approved
RT-01995,ORD-2025-039254,P-0747,2025-03-05,1,Changed mind,13455.0,Rejected
RT-01996,ORD-2025-039261,P-0251,2025-03-05,2,Wrong item delivered,18800.0,Rejected
RT-01997,ORD-2025-039283,P-0919,2025-03-03,1,Expired product,10850.0,Rejected
RT-01998,ORD-2025-039324,P-0195,2025-03-17,1,Damaged in transit,2420.0,Rejected
RT-01999,ORD-2025-039327,P-0662,2025-03-15,1,Damaged in transit,1700.0,Pending
RT-02000,ORD-2025-039371,P-0335,2025-03-12,4,Wrong item delivered,5280.0,Approved
RT-02001,ORD-2025-039445,P-0129,2025-03-07,1,Damaged in transit,12200.0,Approved
RT-02002,ORD-2025-039469,P-0436,2025-03-11,1,Changed mind,36850.0,Approved
RT-02003,ORD-2025-039480,P-1186,2025-03-18,1,Expired product,37150.0,Approved
RT-02004,ORD-2025-039482,P-0779,2025-03-15,1,Changed mind,12240.0,Rejected
RT-02005,ORD-2025-039532,P-0078,2025-03-14,1,Wrong item delivered,6950.0,Approved
RT-02006,ORD-2025-039542,P-0238,2025-03-12,1,Changed mind,32150.0,Approved
RT-02007,ORD-2025-039571,P-1027,2025-03-20,1,Wrong size,62356.5,Approved
RT-02008,ORD-2025-039628,P-1026,2025-03-19,1,Quality below expectation,66800.0,Approved
RT-02009,ORD-2025-039629,P-0307,2025-03-20,1,Expired product,4600.0,Approved
RT-02010,ORD-2025-039634,P-0461,2025-03-15,1,Wrong item delivered,73850.0,Approved
RT-02011,ORD-2025-039648,P-0981,2025-03-14,1,Wrong size,33350.0,Rejected
RT-02012,ORD-2025-039654,P-0409,2025-03-14,1,Wrong item delivered,309400.0,Approved
RT-02013,ORD-2025-039675,P-0289,2025-03-22,1,Damaged in transit,10528.0,Approved
RT-02014,ORD-2025-039710,P-0522,2025-03-18,2,Changed mind,9400.0,Approved
RT-02015,ORD-2025-039719,P-0975,2025-03-15,1,Wrong size,62300.0,Approved
RT-02016,ORD-2025-039757,P-0950,2025-03-21,1,Changed mind,64300.0,Approved
RT-02017,ORD-2025-039763,P-0959,2025-03-19,1,Quality below expectation,7100.0,Rejected
RT-02018,ORD-2025-039768,P-0530,2025-03-15,1,Damaged in transit,53650.0,Approved
RT-02019,ORD-2025-039782,P-0454,2025-03-13,1,Changed mind,127800.0,Approved
RT-02020,ORD-2025-039824,P-0250,2025-03-15,1,Expired product,4048.0,Approved
RT-02021,ORD-2025-039830,P-0689,2025-03-25,1,Wrong item delivered,2600.0,Rejected
RT-02022,ORD-2025-039832,P-0459,2025-03-24,1,Wrong item delivered,83550.0,Approved
RT-02023,ORD-2025-039931,P-1059,2025-03-26,1,Wrong size,41050.0,Approved
RT-02024,ORD-2025-039936,P-0508,2025-03-14,1,Defective on arrival,93700.0,Pending
RT-02025,ORD-2025-039949,P-0964,2025-03-18,1,Wrong size,70750.0,Approved
RT-02026,ORD-2025-039969,P-0190,2025-03-18,1,Wrong item delivered,1300.0,Approved
RT-02027,ORD-2025-039983,P-0454,2025-03-23,1,Damaged in transit,127800.0,Approved
RT-02028,ORD-2025-039983,P-0964,2025-03-25,1,Quality below expectation,70750.0,Approved
RT-02029,ORD-2025-039985,P-0530,2025-03-15,2,Damaged in transit,107300.0,Approved
RT-02030,ORD-2025-039996,P-0970,2025-03-25,1,Quality below expectation,43150.0,Approved
RT-02031,ORD-2025-040007,P-0793,2025-03-23,1,Expired product,3700.0,Approved
RT-02032,ORD-2025-040015,P-0168,2025-03-29,2,Expired product,36400.0,Approved
RT-02033,ORD-2025-040019,P-0878,2025-03-20,1,Changed mind,1300.0,Approved
RT-02034,ORD-2025-040030,P-0510,2025-03-18,1,Damaged in transit,28200.0,Approved
RT-02035,ORD-2025-040056,P-0936,2025-03-29,1,Wrong item delivered,96050.0,Approved
RT-02036,ORD-2025-040062,P-0503,2025-03-28,2,Defective on arrival,1685800.0,Approved
RT-02037,ORD-2025-040064,P-1001,2025-03-21,1,Quality below expectation,39750.0,Approved
RT-02038,ORD-2025-040064,P-0911,2025-03-26,1,Wrong item delivered,7300.0,Rejected
RT-02039,ORD-2025-040069,P-1055,2025-03-27,2,Wrong size,49600.0,Approved
RT-02040,ORD-2025-040087,P-0138,2025-03-26,1,Changed mind,14900.0,Pending
RT-02041,ORD-2025-040097,P-0001,2025-03-20,2,Changed mind,6200.0,Rejected
RT-02042,ORD-2025-040135,P-0327,2025-03-23,2,Expired product,5600.0,Approved
RT-02043,ORD-2025-040138,P-1027,2025-03-24,1,Wrong item delivered,67050.0,Approved
RT-02044,ORD-2025-040143,P-0156,2025-03-29,1,Wrong item delivered,23276.0,Approved
RT-02045,ORD-2025-040171,P-0235,2025-03-21,1,Wrong item delivered,4664.0,Approved
RT-02046,ORD-2025-040219,P-0607,2025-03-26,1,Wrong item delivered,9550.0,Approved
RT-02047,ORD-2025-040225,P-0663,2025-04-01,1,Damaged in transit,34450.0,Approved
RT-02048,ORD-2025-040230,P-0778,2025-03-28,1,Wrong item delivered,11550.0,Approved
RT-02049,ORD-2025-040255,P-0406,2025-03-27,1,Changed mind,376050.0,Approved
RT-02050,ORD-2025-040278,P-0268,2025-03-25,1,Wrong item delivered,1500.0,Pending
RT-02051,ORD-2025-040349,P-0377,2025-03-21,1,Wrong item delivered,1980.0,Rejected
RT-02052,ORD-2025-040350,P-0080,2025-03-22,1,Changed mind,6100.0,Approved
RT-02053,ORD-2025-040357,P-0341,2025-03-24,1,Wrong item delivered,4180.0,Approved
RT-02054,ORD-2025-040410,P-0602,2025-03-30,1,Damaged in transit,95000.0,Pending
RT-02055,ORD-2025-040451,P-0915,2025-03-29,1,Changed mind,8750.0,Approved
RT-02056,ORD-2025-040461,P-0441,2025-03-22,2,Wrong item delivered,91300.0,Approved
RT-02057,ORD-2025-040518,P-1012,2025-03-28,1,Wrong size,82550.0,Approved
RT-02058,ORD-2025-040526,P-0533,2025-03-27,1,Wrong item delivered,138015.0,Approved
RT-02059,ORD-2025-040527,P-0709,2025-03-31,1,Expired product,1911.0,Approved
RT-02060,ORD-2025-040539,P-0951,2025-03-26,1,Wrong size,15600.0,Approved
RT-02061,ORD-2025-040553,P-1037,2025-03-29,1,Changed mind,76950.0,Rejected
RT-02062,ORD-2025-040566,P-1157,2025-03-31,1,Expired product,15650.0,Approved
RT-02063,ORD-2025-040570,P-0764,2025-04-01,1,Changed mind,1650.0,Approved
RT-02064,ORD-2025-040655,P-0511,2025-03-28,1,Damaged in transit,286350.0,Approved
RT-02065,ORD-2025-040659,P-1043,2025-04-01,1,Changed mind,25650.0,Approved
RT-02066,ORD-2025-040723,P-1070,2025-03-29,1,Changed mind,92150.0,Approved
RT-02067,ORD-2025-040754,P-0342,2025-04-01,1,Damaged in transit,6046.5,Approved
RT-02068,ORD-2025-040783,P-0115,2025-04-03,2,Changed mind,7480.0,Approved
RT-02069,ORD-2025-040812,P-0742,2025-03-28,1,Changed mind,11600.0,Rejected
RT-02070,ORD-2025-040824,P-0415,2025-04-02,1,Wrong item delivered,24700.0,Approved
RT-02071,ORD-2025-040832,P-0246,2025-04-06,1,Expired product,637.0,Approved
RT-02072,ORD-2025-040839,P-1075,2025-03-28,1,Changed mind,19600.0,Pending
RT-02073,ORD-2025-040846,P-0599,2025-04-02,1,Changed mind,1650.0,Approved
RT-02074,ORD-2025-040851,P-0156,2025-04-10,1,Wrong item delivered,26450.0,Approved
RT-02075,ORD-2025-040872,P-1043,2025-04-07,1,Quality below expectation,25650.0,Approved
RT-02076,ORD-2025-040880,P-0557,2025-04-08,1,Changed mind,51100.0,Rejected
RT-02077,ORD-2025-040885,P-0760,2025-03-28,1,Changed mind,8550.0,Approved
RT-02078,ORD-2025-040893,P-0514,2025-03-28,1,Wrong item delivered,106150.0,Approved
RT-02079,ORD-2025-040932,P-0014,2025-04-09,1,Expired product,950.0,Approved
RT-02080,ORD-2025-040971,P-0525,2025-04-08,2,Damaged in transit,13800.0,Approved
RT-02081,ORD-2025-040980,P-1027,2025-04-11,1,Quality below expectation,67050.0,Approved
RT-02082,ORD-2025-041083,P-0419,2025-04-05,1,Wrong item delivered,468350.0,Pending
RT-02083,ORD-2025-041117,P-0827,2025-04-03,1,Damaged in transit,23400.0,Approved
RT-02084,ORD-2025-041130,P-0257,2025-04-12,1,Expired product,7550.0,Approved
RT-02085,ORD-2025-041142,P-0977,2025-03-31,1,Changed mind,50700.0,Approved
RT-02086,ORD-2025-041178,P-1042,2025-04-11,1,Wrong size,54200.0,Approved
RT-02087,ORD-2025-041190,P-0409,2025-04-05,1,Wrong item delivered,309400.0,Approved
RT-02088,ORD-2025-041190,P-0410,2025-04-05,1,Damaged in transit,141550.0,Approved
RT-02089,ORD-2025-041227,P-1106,2025-04-13,1,Wrong item delivered,20950.0,Approved
RT-02090,ORD-2025-041247,P-0338,2025-04-05,1,Changed mind,5263.5,Approved
RT-02091,ORD-2025-041255,P-0330,2025-04-04,1,Changed mind,31900.0,Approved
RT-02092,ORD-2025-041264,P-0981,2025-04-07,1,Quality below expectation,33350.0,Approved
RT-02093,ORD-2025-041268,P-0936,2025-04-06,1,Changed mind,96050.0,Approved
RT-02094,ORD-2025-041273,P-0531,2025-04-09,1,Changed mind,59550.0,Approved
RT-02095,ORD-2025-041299,P-0452,2025-04-06,2,Defective on arrival,59000.0,Approved
RT-02096,ORD-2025-041303,P-1032,2025-04-07,1,Wrong size,63000.0,Approved
RT-02097,ORD-2025-041317,P-0396,2025-04-05,1,Damaged in transit,75810.0,Approved
RT-02098,ORD-2025-041334,P-0181,2025-04-02,3,Wrong item delivered,2700.0,Approved
RT-02099,ORD-2025-041356,P-0585,2025-04-09,1,Expired product,900.0,Approved
RT-02100,ORD-2025-041362,P-0530,2025-04-02,1,Changed mind,53650.0,Approved
RT-02101,ORD-2025-041379,P-0210,2025-04-12,1,Expired product,24200.0,Approved
RT-02102,ORD-2025-041389,P-0269,2025-04-12,1,Changed mind,6400.0,Approved
RT-02103,ORD-2025-041397,P-0325,2025-04-12,1,Wrong item delivered,2500.0,Pending
RT-02104,ORD-2025-041481,P-1023,2025-04-16,1,Wrong size,40250.0,Approved
RT-02105,ORD-2025-041496,P-0449,2025-04-14,1,Defective on arrival,87514.0,Approved
RT-02106,ORD-2025-041551,P-1007,2025-04-14,1,Quality below expectation,91450.0,Approved
RT-02107,ORD-2025-041556,P-0993,2025-04-15,1,Quality below expectation,119650.0,Approved
RT-02108,ORD-2025-041571,P-0908,2025-04-17,1,Damaged in transit,2150.0,Approved
RT-02109,ORD-2025-041596,P-0556,2025-04-16,1,Changed mind,91600.0,Approved
RT-02110,ORD-2025-041600,P-0117,2025-04-13,1,Wrong item delivered,8500.0,Approved
RT-02111,ORD-2025-041618,P-1068,2025-04-09,1,Wrong size,86700.0,Approved
RT-02112,ORD-2025-041619,P-0849,2025-04-08,1,Expired product,9500.0,Approved
RT-02113,ORD-2025-041623,P-0748,2025-04-09,1,Wrong item delivered,6650.0,Pending
RT-02114,ORD-2025-041658,P-0557,2025-04-15,1,Damaged in transit,51100.0,Approved
RT-02115,ORD-2025-041660,P-0372,2025-04-11,1,Expired product,2350.0,Approved
RT-02116,ORD-2025-041678,P-0385,2025-04-16,1,Changed mind,120700.0,Approved
RT-02117,ORD-2025-041680,P-1059,2025-04-11,1,Wrong item delivered,41050.0,Approved
RT-02118,ORD-2025-041713,P-0973,2025-04-17,2,Changed mind,138200.0,Approved
RT-02119,ORD-2025-041731,P-0396,2025-04-16,1,Defective on arrival,79800.0,Approved
RT-02120,ORD-2025-041735,P-0975,2025-04-12,1,Quality below expectation,62300.0,Rejected
RT-02121,ORD-2025-041747,P-0212,2025-04-18,1,Damaged in transit,5100.0,Approved
RT-02122,ORD-2025-041779,P-0939,2025-04-16,1,Changed mind,146200.0,Rejected
RT-02123,ORD-2025-041782,P-0529,2025-04-16,1,Changed mind,155500.0,Approved
RT-02124,ORD-2025-041817,P-0019,2025-04-19,1,Changed mind,3000.0,Approved
RT-02125,ORD-2025-041829,P-0077,2025-04-21,1,Wrong item delivered,2250.0,Approved
RT-02126,ORD-2025-041850,P-0497,2025-04-12,1,Damaged in transit,94731.0,Approved
RT-02127,ORD-2025-041856,P-0678,2025-04-14,1,Expired product,17450.0,Approved
RT-02128,ORD-2025-041896,P-0505,2025-04-15,1,Wrong item delivered,727950.0,Approved
RT-02129,ORD-2025-041904,P-0033,2025-04-25,1,Changed mind,1550.0,Approved
RT-02130,ORD-2025-041940,P-1005,2025-04-14,1,Changed mind,64100.0,Approved
RT-02131,ORD-2025-041959,P-1019,2025-04-16,1,Wrong size,97300.0,Approved
RT-02132,ORD-2025-041961,P-0457,2025-04-22,1,Defective on arrival,177200.0,Approved
RT-02133,ORD-2025-041977,P-0425,2025-04-15,1,Wrong item delivered,31878.0,Approved
RT-02134,ORD-2025-042017,P-0213,2025-04-13,1,Wrong item delivered,6550.0,Approved
RT-02135,ORD-2025-042027,P-1022,2025-04-21,1,Changed mind,17700.0,Approved
RT-02136,ORD-2025-042091,P-0388,2025-04-24,1,Damaged in transit,396150.0,Approved
RT-02137,ORD-2025-042092,P-0497,2025-04-25,2,Defective on arrival,208200.0,Approved
RT-02138,ORD-2025-042094,P-0435,2025-04-17,1,Changed mind,68700.0,Approved
RT-02139,ORD-2025-042122,P-0589,2025-04-28,1,Expired product,13600.0,Pending
RT-02140,ORD-2025-042123,P-1196,2025-04-18,1,Changed mind,24900.0,Approved
RT-02141,ORD-2025-042151,P-0414,2025-04-28,1,Wrong item delivered,26600.0,Approved
RT-02142,ORD-2025-042163,P-0439,2025-04-19,1,Defective on arrival,25600.0,Approved
RT-02143,ORD-2025-042167,P-0968,2025-04-15,2,Wrong size,151900.0,Approved
RT-02144,ORD-2025-042190,P-0367,2025-04-23,2,Damaged in transit,59800.0,Approved
RT-02145,ORD-2025-042231,P-0968,2025-04-27,2,Wrong item delivered,151900.0,Approved
RT-02146,ORD-2025-042232,P-0493,2025-04-30,1,Changed mind,47300.0,Pending
RT-02147,ORD-2025-042241,P-0419,2025-04-18,1,Damaged in transit,468350.0,Approved
RT-02148,ORD-2025-042246,P-0185,2025-04-28,1,Damaged in transit,11592.0,Approved
RT-02149,ORD-2025-042266,P-0364,2025-04-22,2,Damaged in transit,2200.0,Approved
RT-02150,ORD-2025-042292,P-0820,2025-04-29,2,Damaged in transit,11500.0,Approved
RT-02151,ORD-2025-042314,P-0526,2025-04-19,1,Damaged in transit,71500.0,Approved
RT-02152,ORD-2025-042337,P-0900,2025-04-26,1,Expired product,7350.0,Approved
RT-02153,ORD-2025-042387,P-0419,2025-04-26,1,Changed mind,468350.0,Approved
RT-02154,ORD-2025-042394,P-1001,2025-05-01,1,Wrong size,35775.0,Approved
RT-02155,ORD-2025-042438,P-0073,2025-05-01,1,Changed mind,7200.0,Approved
RT-02156,ORD-2025-042440,P-1080,2025-04-27,1,Wrong item delivered,32100.0,Approved
RT-02157,ORD-2025-042465,P-0933,2025-04-21,1,Wrong size,11100.0,Approved
RT-02158,ORD-2025-042478,P-0646,2025-04-25,1,Wrong item delivered,30600.0,Approved
RT-02159,ORD-2025-042480,P-0416,2025-04-30,1,Defective on arrival,84200.0,Pending
RT-02160,ORD-2025-042488,P-1055,2025-04-27,1,Wrong item delivered,24800.0,Approved
RT-02161,ORD-2025-042493,P-0436,2025-04-22,1,Defective on arrival,36850.0,Approved
RT-02162,ORD-2025-042520,P-0364,2025-05-03,1,Expired product,1100.0,Pending
RT-02163,ORD-2025-042527,P-0439,2025-04-24,1,Wrong item delivered,25600.0,Approved
RT-02164,ORD-2025-042530,P-0858,2025-04-23,1,Expired product,6200.0,Approved
RT-02165,ORD-2025-042531,P-0505,2025-04-21,1,Defective on arrival,727950.0,Approved
RT-02166,ORD-2025-042544,P-0625,2025-04-28,1,Expired product,62100.0,Approved
RT-02167,ORD-2025-042582,P-0501,2025-05-01,1,Defective on arrival,179800.0,Approved
RT-02168,ORD-2025-042601,P-0999,2025-05-04,1,Changed mind,140600.0,Approved
RT-02169,ORD-2025-042679,P-0447,2025-05-01,1,Damaged in transit,81050.0,Rejected
RT-02170,ORD-2025-042687,P-1047,2025-04-29,1,Quality below expectation,99400.0,Approved
RT-02171,ORD-2025-042714,P-0716,2025-05-04,1,Changed mind,78650.0,Approved
RT-02172,ORD-2025-042737,P-0963,2025-04-30,1,Quality below expectation,91900.0,Approved
RT-02173,ORD-2025-042742,P-0443,2025-04-24,1,Changed mind,305950.0,Approved
RT-02174,ORD-2025-042759,P-0862,2025-05-06,1,Wrong item delivered,5500.0,Approved
RT-02175,ORD-2025-042800,P-0212,2025-04-27,1,Damaged in transit,5100.0,Approved
RT-02176,ORD-2025-042843,P-0493,2025-05-07,1,Changed mind,47300.0,Approved
RT-02177,ORD-2025-042844,P-0900,2025-05-09,1,Expired product,7350.0,Approved
RT-02178,ORD-2025-042845,P-0489,2025-05-06,1,Changed mind,45350.0,Approved
RT-02179,ORD-2025-042862,P-0498,2025-04-26,1,Defective on arrival,33050.0,Approved
RT-02180,ORD-2025-042904,P-0003,2025-05-08,1,Changed mind,8500.0,Pending
RT-02181,ORD-2025-042924,P-0522,2025-05-05,1,Defective on arrival,4700.0,Approved
RT-02182,ORD-2025-042927,P-0505,2025-05-08,1,Wrong item delivered,727950.0,Approved
RT-02183,ORD-2025-042930,P-0233,2025-04-30,1,Damaged in transit,1500.0,Rejected
RT-02184,ORD-2025-042967,P-0852,2025-05-06,1,Changed mind,6815.0,Approved
RT-02185,ORD-2025-042986,P-0377,2025-05-03,1,Damaged in transit,2250.0,Rejected
RT-02186,ORD-2025-042993,P-0907,2025-04-30,1,Expired product,10250.0,Approved
RT-02187,ORD-2025-043007,P-1066,2025-04-29,1,Wrong size,31550.0,Approved
RT-02188,ORD-2025-043009,P-0310,2025-05-02,1,Wrong item delivered,17300.0,Approved
RT-02189,ORD-2025-043075,P-0106,2025-05-05,1,Wrong item delivered,4700.0,Approved
RT-02190,ORD-2025-043077,P-0616,2025-05-08,1,Wrong item delivered,40200.0,Approved
RT-02191,ORD-2025-043082,P-0784,2025-04-29,1,Expired product,3055.0,Approved
RT-02192,ORD-2025-043089,P-0419,2025-05-09,1,Wrong item delivered,468350.0,Rejected
RT-02193,ORD-2025-043110,P-0191,2025-05-12,1,Damaged in transit,10050.0,Pending
RT-02194,ORD-2025-043125,P-0461,2025-05-04,1,Damaged in transit,73850.0,Approved
RT-02195,ORD-2025-043126,P-0430,2025-05-09,1,Defective on arrival,173750.0,Pending
RT-02196,ORD-2025-043130,P-0523,2025-05-12,1,Damaged in transit,686950.0,Approved
RT-02197,ORD-2025-043133,P-1067,2025-05-01,1,Wrong size,92800.0,Approved
RT-02198,ORD-2025-043159,P-0947,2025-05-01,1,Wrong item delivered,104250.0,Approved
RT-02199,ORD-2025-043160,P-0401,2025-05-10,2,Defective on arrival,469300.0,Approved
RT-02200,ORD-2025-043164,P-1013,2025-05-12,1,Quality below expectation,29950.0,Approved
RT-02201,ORD-2025-043201,P-1040,2025-05-13,1,Wrong size,33900.0,Pending
RT-02202,ORD-2025-043205,P-1062,2025-05-09,1,Changed mind,83550.0,Approved
RT-02203,ORD-2025-043247,P-0119,2025-05-08,1,Wrong item delivered,1350.0,Approved
RT-02204,ORD-2025-043305,P-0045,2025-05-12,2,Wrong item delivered,8800.0,Approved
RT-02205,ORD-2025-043306,P-0984,2025-05-11,1,Changed mind,103250.0,Pending
RT-02206,ORD-2025-043307,P-0501,2025-05-12,1,Changed mind,169012.0,Approved
RT-02207,ORD-2025-043310,P-0765,2025-05-15,1,Changed mind,5500.0,Approved
RT-02208,ORD-2025-043313,P-0875,2025-05-13,2,Expired product,6500.0,Approved
RT-02209,ORD-2025-043321,P-0419,2025-05-09,1,Changed mind,468350.0,Rejected
RT-02210,ORD-2025-043339,P-0617,2025-05-09,1,Wrong item delivered,1450.0,Rejected
RT-02211,ORD-2025-043390,P-0749,2025-05-15,1,Expired product,2585.0,Rejected
RT-02212,ORD-2025-043395,P-0458,2025-05-05,1,Defective on arrival,80550.0,Approved
RT-02213,ORD-2025-043432,P-0361,2025-05-17,3,Damaged in transit,62356.5,Rejected
RT-02214,ORD-2025-043445,P-0173,2025-05-08,2,Expired product,25100.0,Approved
RT-02215,ORD-2025-043449,P-1099,2025-05-05,1,Expired product,20950.0,Approved
RT-02216,ORD-2025-043458,P-1056,2025-05-17,1,Quality below expectation,6992.0,Approved
RT-02217,ORD-2025-043480,P-0701,2025-05-12,1,Expired product,3600.0,Approved
RT-02218,ORD-2025-043491,P-0368,2025-05-17,1,Expired product,750.0,Approved
RT-02219,ORD-2025-043503,P-1069,2025-05-05,1,Changed mind,38400.0,Approved
RT-02220,ORD-2025-043505,P-0544,2025-05-14,1,Changed mind,159700.0,Approved
RT-02221,ORD-2025-043511,P-0543,2025-05-16,1,Defective on arrival,90650.0,Approved
RT-02222,ORD-2025-043511,P-0547,2025-05-11,1,Defective on arrival,51250.0,Approved
RT-02223,ORD-2025-043515,P-1111,2025-05-10,1,Changed mind,13500.0,Approved
RT-02224,ORD-2025-043516,P-1059,2025-05-10,1,Wrong size,41050.0,Approved
RT-02225,ORD-2025-043542,P-0743,2025-05-06,1,Wrong item delivered,13450.0,Pending
RT-02226,ORD-2025-043557,P-0908,2025-05-12,1,Changed mind,2150.0,Approved
RT-02227,ORD-2025-043560,P-1088,2025-05-14,2,Wrong item delivered,90800.0,Approved
RT-02228,ORD-2025-043579,P-0607,2025-05-17,1,Damaged in transit,9550.0,Rejected
RT-02229,ORD-2025-043587,P-1059,2025-05-19,1,Wrong item delivered,41050.0,Approved
RT-02230,ORD-2025-043590,P-0437,2025-05-12,1,Damaged in transit,749100.0,Approved
RT-02231,ORD-2025-043620,P-0245,2025-05-11,2,Expired product,7300.0,Approved
RT-02232,ORD-2025-043621,P-0401,2025-05-11,1,Damaged in transit,234650.0,Approved
RT-02233,ORD-2025-043639,P-0553,2025-05-08,1,Defective on arrival,7450.0,Approved
RT-02234,ORD-2025-043639,P-0425,2025-05-17,1,Defective on arrival,34650.0,Approved
RT-02235,ORD-2025-043640,P-0393,2025-05-20,1,Changed mind,179100.0,Approved
RT-02236,ORD-2025-043644,P-1045,2025-05-19,1,Changed mind,51850.0,Approved
RT-02237,ORD-2025-043672,P-0691,2025-05-09,1,Expired product,34900.0,Approved
RT-02238,ORD-2025-043672,P-0861,2025-05-20,1,Damaged in transit,4650.0,Approved
RT-02239,ORD-2025-043686,P-0519,2025-05-10,1,Damaged in transit,58150.0,Pending
RT-02240,ORD-2025-043709,P-0764,2025-05-15,1,Changed mind,1650.0,Approved
RT-02241,ORD-2025-043776,P-0093,2025-05-12,1,Wrong item delivered,1000.0,Approved
RT-02242,ORD-2025-043788,P-1002,2025-05-10,1,Wrong size,68450.0,Pending
RT-02243,ORD-2025-043800,P-0552,2025-05-22,1,Wrong item delivered,72600.0,Pending
RT-02244,ORD-2025-043842,P-0023,2025-05-19,1,Changed mind,5050.0,Approved
RT-02245,ORD-2025-043843,P-0983,2025-05-23,1,Changed mind,49000.0,Approved
RT-02246,ORD-2025-043851,P-0458,2025-05-12,3,Defective on arrival,241650.0,Rejected
RT-02247,ORD-2025-043855,P-0990,2025-05-23,1,Wrong size,93100.0,Approved
RT-02248,ORD-2025-043855,P-0546,2025-05-23,1,Defective on arrival,97400.0,Rejected
RT-02249,ORD-2025-043889,P-0841,2025-05-18,1,Wrong item delivered,4350.0,Approved
RT-02250,ORD-2025-043950,P-0329,2025-05-19,1,Damaged in transit,2850.0,Pending
RT-02251,ORD-2025-043952,P-0194,2025-05-16,2,Expired product,20600.0,Approved
RT-02252,ORD-2025-043962,P-1135,2025-05-18,1,Changed mind,22100.0,Pending
RT-02253,ORD-2025-043970,P-0223,2025-05-25,4,Wrong item delivered,16400.0,Approved
RT-02254,ORD-2025-043973,P-0393,2025-05-22,1,Damaged in transit,179100.0,Approved
RT-02255,ORD-2025-043991,P-0556,2025-05-17,1,Wrong item delivered,91600.0,Approved
RT-02256,ORD-2025-044005,P-0091,2025-05-22,1,Expired product,3000.0,Approved
RT-02257,ORD-2025-044018,P-0257,2025-05-25,2,Expired product,15100.0,Approved
RT-02258,ORD-2025-044024,P-0281,2025-05-21,1,Changed mind,12000.0,Approved
RT-02259,ORD-2025-044034,P-0456,2025-05-24,1,Changed mind,129100.0,Approved
RT-02260,ORD-2025-044040,P-0934,2025-05-25,2,Changed mind,102800.0,Approved
RT-02261,ORD-2025-044063,P-0424,2025-05-14,1,Wrong item delivered,397050.0,Approved
RT-02262,ORD-2025-044133,P-0491,2025-05-27,1,Damaged in transit,167300.0,Approved
RT-02263,ORD-2025-044159,P-0925,2025-05-26,1,Damaged in transit,2250.0,Rejected
RT-02264,ORD-2025-044162,P-1024,2025-05-18,1,Wrong size,14650.0,Approved
RT-02265,ORD-2025-044184,P-0080,2025-05-18,3,Damaged in transit,18300.0,Approved
RT-02266,ORD-2025-044201,P-0007,2025-05-27,1,Expired product,36100.0,Approved
RT-02267,ORD-2025-044212,P-0505,2025-05-18,2,Defective on arrival,1455900.0,Approved
RT-02268,ORD-2025-044217,P-0435,2025-05-18,2,Changed mind,137400.0,Approved
RT-02269,ORD-2025-044239,P-0194,2025-05-30,1,Changed mind,10300.0,Rejected
RT-02270,ORD-2025-044250,P-0746,2025-05-23,1,Wrong item delivered,4800.0,Approved
RT-02271,ORD-2025-044256,P-0328,2025-05-28,1,Damaged in transit,6050.0,Approved
RT-02272,ORD-2025-044259,P-1029,2025-05-26,1,Wrong item delivered,105050.0,Approved
RT-02273,ORD-2025-044264,P-0779,2025-05-18,1,Damaged in transit,13600.0,Approved
RT-02274,ORD-2025-044271,P-0928,2025-05-31,1,Wrong item delivered,5200.0,Rejected
RT-02275,ORD-2025-044281,P-0511,2025-05-26,1,Changed mind,286350.0,Approved
RT-02276,ORD-2025-044283,P-0965,2025-05-19,1,Wrong size,56300.0,Approved
RT-02277,ORD-2025-044284,P-1188,2025-05-31,1,Damaged in transit,67900.0,Approved
RT-02278,ORD-2025-044285,P-0390,2025-05-27,1,Changed mind,80250.0,Approved
RT-02279,ORD-2025-044294,P-0385,2025-05-30,1,Changed mind,120700.0,Approved
RT-02280,ORD-2025-044296,P-0463,2025-05-29,1,Defective on arrival,116500.0,Approved
RT-02281,ORD-2025-044321,P-1077,2025-05-28,1,Quality below expectation,43550.0,Approved
RT-02282,ORD-2025-044354,P-0428,2025-05-24,1,Wrong item delivered,48950.0,Approved
RT-02283,ORD-2025-044369,P-1064,2025-05-30,1,Changed mind,48750.0,Approved
RT-02284,ORD-2025-044379,P-0165,2025-05-26,3,Changed mind,26100.0,Approved
RT-02285,ORD-2025-044417,P-1023,2025-05-26,1,Wrong item delivered,40250.0,Approved
RT-02286,ORD-2025-044430,P-1137,2025-05-24,1,Damaged in transit,5750.0,Approved
RT-02287,ORD-2025-044461,P-1065,2025-05-27,1,Wrong item delivered,67150.0,Pending
RT-02288,ORD-2025-044473,P-0443,2025-05-27,1,Wrong item delivered,305950.0,Approved
RT-02289,ORD-2025-044475,P-0514,2025-05-31,1,Changed mind,106150.0,Approved
RT-02290,ORD-2025-044485,P-0969,2025-06-02,1,Wrong item delivered,73600.0,Approved
RT-02291,ORD-2025-044488,P-0707,2025-05-25,1,Expired product,3400.0,Approved
RT-02292,ORD-2025-044488,P-0981,2025-06-04,1,Changed mind,33350.0,Approved
RT-02293,ORD-2025-044515,P-0552,2025-05-27,1,Wrong item delivered,72600.0,Approved
RT-02294,ORD-2025-044535,P-0796,2025-06-01,1,Changed mind,27500.0,Approved
RT-02295,ORD-2025-044539,P-0335,2025-05-28,1,Wrong item delivered,1500.0,Approved
RT-02296,ORD-2025-044568,P-0544,2025-06-04,1,Damaged in transit,159700.0,Approved
RT-02297,ORD-2025-044593,P-0036,2025-05-25,1,Wrong item delivered,1550.0,Approved
RT-02298,ORD-2025-044622,P-0424,2025-06-01,2,Damaged in transit,794100.0,Approved
RT-02299,ORD-2025-044646,P-0309,2025-06-04,1,Damaged in transit,2350.0,Approved
RT-02300,ORD-2025-044653,P-0521,2025-06-02,1,Damaged in transit,15950.0,Approved
RT-02301,ORD-2025-044654,P-0416,2025-05-28,1,Defective on arrival,84200.0,Approved
RT-02302,ORD-2025-044691,P-1056,2025-06-01,1,Quality below expectation,7600.0,Approved
RT-02303,ORD-2025-044698,P-0887,2025-05-26,1,Expired product,5500.0,Approved
RT-02304,ORD-2025-044712,P-0503,2025-06-05,1,Damaged in transit,758610.0,Approved
RT-02305,ORD-2025-044760,P-0547,2025-06-02,1,Changed mind,51250.0,Approved
RT-02306,ORD-2025-044798,P-0635,2025-05-28,1,Expired product,22900.0,Approved
RT-02307,ORD-2025-044804,P-0021,2025-06-02,1,Wrong item delivered,21330.0,Approved
RT-02308,ORD-2025-044805,P-0805,2025-06-09,1,Damaged in transit,10350.0,Approved
RT-02309,ORD-2025-044895,P-0400,2025-05-29,1,Changed mind,91350.0,Approved
RT-02310,ORD-2025-044908,P-1018,2025-06-05,2,Wrong size,186400.0,Approved
RT-02311,ORD-2025-044918,P-1051,2025-05-31,1,Wrong size,17800.0,Rejected
RT-02312,ORD-2025-044921,P-0057,2025-06-03,2,Wrong item delivered,17600.0,Approved
RT-02313,ORD-2025-044922,P-0164,2025-06-08,1,Wrong item delivered,9500.0,Approved
RT-02314,ORD-2025-044931,P-0728,2025-05-29,1,Changed mind,64950.0,Approved
RT-02315,ORD-2025-044966,P-0924,2025-06-02,1,Damaged in transit,13786.5,Pending
RT-02316,ORD-2025-044973,P-0450,2025-05-31,1,Defective on arrival,318150.0,Approved
RT-02317,ORD-2025-044975,P-0540,2025-06-03,1,Changed mind,268020.0,Approved
RT-02318,ORD-2025-044984,P-1070,2025-06-08,1,Quality below expectation,82935.0,Approved
RT-02319,ORD-2025-044985,P-0407,2025-05-29,1,Damaged in transit,179150.0,Rejected
RT-02320,ORD-2025-044999,P-0363,2025-06-07,1,Damaged in transit,16497.0,Approved
RT-02321,ORD-2025-045049,P-1138,2025-06-05,1,Wrong item delivered,5535.0,Approved
RT-02322,ORD-2025-045056,P-0439,2025-05-31,1,Damaged in transit,23040.0,Approved
RT-02323,ORD-2025-045075,P-0947,2025-06-03,1,Quality below expectation,104250.0,Approved
RT-02324,ORD-2025-045086,P-0098,2025-06-05,2,Expired product,2970.0,Approved
RT-02325,ORD-2025-045124,P-0932,2025-06-13,1,Wrong size,98500.0,Pending
RT-02326,ORD-2025-045127,P-1116,2025-06-01,1,Wrong item delivered,6660.0,Approved
RT-02327,ORD-2025-045154,P-0351,2025-06-08,1,Wrong item delivered,29475.0,Approved
RT-02328,ORD-2025-045166,P-0250,2025-06-03,1,Damaged in transit,4140.0,Approved
RT-02329,ORD-2025-045168,P-0674,2025-06-10,1,Damaged in transit,5900.0,Approved
RT-02330,ORD-2025-045214,P-0963,2025-06-14,1,Quality below expectation,91900.0,Approved
RT-02331,ORD-2025-045217,P-0026,2025-06-12,1,Changed mind,8550.0,Rejected
RT-02332,ORD-2025-045220,P-1014,2025-06-05,1,Wrong item delivered,24900.0,Approved
RT-02333,ORD-2025-045225,P-0536,2025-06-05,1,Damaged in transit,151350.0,Approved
RT-02334,ORD-2025-045252,P-0589,2025-06-09,1,Changed mind,12240.0,Approved
RT-02335,ORD-2025-045269,P-0284,2025-06-13,1,Wrong item delivered,17750.0,Approved
RT-02336,ORD-2025-045271,P-0147,2025-06-09,1,Wrong item delivered,9350.0,Rejected
RT-02337,ORD-2025-045310,P-0485,2025-06-04,1,Changed mind,278200.0,Approved
RT-02338,ORD-2025-045318,P-0660,2025-06-03,1,Damaged in transit,53150.0,Approved
RT-02339,ORD-2025-045319,P-0659,2025-06-04,1,Wrong item delivered,5985.0,Approved
RT-02340,ORD-2025-045323,P-0455,2025-06-14,1,Defective on arrival,111350.0,Approved
RT-02341,ORD-2025-045339,P-1031,2025-06-10,1,Changed mind,77450.0,Rejected
RT-02342,ORD-2025-045342,P-1089,2025-06-10,1,Wrong item delivered,12900.0,Approved
RT-02343,ORD-2025-045367,P-0311,2025-06-10,3,Damaged in transit,8505.0,Rejected
RT-02344,ORD-2025-045386,P-0410,2025-06-16,1,Wrong item delivered,127395.0,Pending
RT-02345,ORD-2025-045390,P-0425,2025-06-05,1,Defective on arrival,34650.0,Approved
RT-02346,ORD-2025-045433,P-0261,2025-06-07,1,Changed mind,7380.0,Approved
RT-02347,ORD-2025-045454,P-0894,2025-06-08,1,Changed mind,1800.0,Approved
RT-02348,ORD-2025-045460,P-0420,2025-06-06,1,Defective on arrival,534750.0,Approved
RT-02349,ORD-2025-045469,P-0521,2025-06-07,1,Damaged in transit,14355.0,Approved
RT-02350,ORD-2025-045472,P-0203,2025-06-06,1,Wrong item delivered,500.0,Approved
RT-02351,ORD-2025-045504,P-0176,2025-06-17,1,Wrong item delivered,2600.0,Approved
RT-02352,ORD-2025-045519,P-0952,2025-06-13,2,Quality below expectation,70100.0,Approved
RT-02353,ORD-2025-045520,P-0445,2025-06-15,1,Changed mind,58150.0,Pending
RT-02354,ORD-2025-045542,P-0204,2025-06-14,1,Expired product,1800.0,Approved
RT-02355,ORD-2025-045551,P-0895,2025-06-10,1,Damaged in transit,10700.0,Approved
RT-02356,ORD-2025-045563,P-0391,2025-06-17,1,Changed mind,150450.0,Approved
RT-02357,ORD-2025-045577,P-0686,2025-06-09,1,Wrong item delivered,89600.0,Approved
RT-02358,ORD-2025-045620,P-0059,2025-06-19,1,Damaged in transit,10400.0,Approved
RT-02359,ORD-2025-045626,P-0504,2025-06-10,1,Defective on arrival,138850.0,Approved
RT-02360,ORD-2025-045651,P-0743,2025-06-12,1,Expired product,13450.0,Approved
RT-02361,ORD-2025-045652,P-0176,2025-06-19,5,Damaged in transit,13000.0,Approved
RT-02362,ORD-2025-045661,P-0751,2025-06-17,1,Wrong item delivered,4650.0,Approved
RT-02363,ORD-2025-045700,P-0699,2025-06-09,1,Wrong item delivered,57050.0,Approved
RT-02364,ORD-2025-045704,P-0360,2025-06-20,1,Wrong item delivered,1800.0,Approved
RT-02365,ORD-2025-045706,P-0981,2025-06-10,1,Wrong item delivered,33350.0,Approved
RT-02366,ORD-2025-045706,P-0270,2025-06-08,1,Expired product,2150.0,Rejected
RT-02367,ORD-2025-045714,P-0483,2025-06-12,1,Damaged in transit,41700.0,Approved
RT-02368,ORD-2025-045716,P-0008,2025-06-09,1,Wrong item delivered,7150.0,Approved
RT-02369,ORD-2025-045718,P-0023,2025-06-13,1,Damaged in transit,5050.0,Pending
RT-02370,ORD-2025-045721,P-0525,2025-06-21,1,Changed mind,6900.0,Approved
RT-02371,ORD-2025-045741,P-0980,2025-06-18,1,Changed mind,120100.0,Approved
RT-02372,ORD-2025-045762,P-0047,2025-06-22,1,Damaged in transit,1300.0,Approved
RT-02373,ORD-2025-045763,P-1052,2025-06-11,1,Quality below expectation,32050.0,Approved
RT-02374,ORD-2025-045774,P-0507,2025-06-22,1,Defective on arrival,49650.0,Approved
RT-02375,ORD-2025-045789,P-0438,2025-06-15,1,Changed mind,157450.0,Approved
RT-02376,ORD-2025-045790,P-0697,2025-06-20,1,Changed mind,3950.0,Approved
RT-02377,ORD-2025-045802,P-1074,2025-06-19,1,Wrong size,77050.0,Approved
RT-02378,ORD-2025-045833,P-0351,2025-06-10,1,Expired product,32750.0,Approved
RT-02379,ORD-2025-045849,P-0087,2025-06-15,1,Changed mind,2250.0,Approved
RT-02380,ORD-2025-045871,P-0704,2025-06-10,1,Expired product,84650.0,Approved
RT-02381,ORD-2025-045894,P-0006,2025-06-15,1,Wrong item delivered,3550.0,Pending
RT-02382,ORD-2025-045912,P-0539,2025-06-23,2,Wrong item delivered,355500.0,Approved
RT-02383,ORD-2025-045913,P-1053,2025-06-13,1,Changed mind,70550.0,Rejected
RT-02384,ORD-2025-045963,P-0984,2025-06-24,2,Changed mind,206500.0,Approved
RT-02385,ORD-2025-046016,P-0631,2025-06-25,1,Changed mind,39300.0,Approved
RT-02386,ORD-2025-046025,P-0505,2025-06-14,1,Damaged in transit,727950.0,Approved
RT-02387,ORD-2025-046025,P-0404,2025-06-13,1,Changed mind,28100.0,Pending
RT-02388,ORD-2025-046030,P-0505,2025-06-18,1,Damaged in transit,727950.0,Pending
RT-02389,ORD-2025-046065,P-0673,2025-06-17,1,Damaged in transit,52250.0,Pending
RT-02390,ORD-2025-046066,P-0121,2025-06-15,2,Damaged in transit,72200.0,Approved
RT-02391,ORD-2025-046085,P-0225,2025-06-20,1,Expired product,7600.0,Approved
RT-02392,ORD-2025-046114,P-0195,2025-06-19,1,Expired product,2750.0,Approved
RT-02393,ORD-2025-046119,P-0950,2025-06-22,1,Quality below expectation,64300.0,Approved
RT-02394,ORD-2025-046123,P-0866,2025-06-23,1,Damaged in transit,12750.0,Approved
RT-02395,ORD-2025-046174,P-1007,2025-06-21,1,Wrong size,91450.0,Approved
RT-02396,ORD-2025-046178,P-0770,2025-06-16,1,Changed mind,14950.0,Approved
RT-02397,ORD-2025-046186,P-0534,2025-06-21,1,Changed mind,162100.0,Approved
RT-02398,ORD-2025-046188,P-0709,2025-06-23,1,Expired product,1953.0,Approved
RT-02399,ORD-2025-046195,P-0553,2025-06-19,1,Damaged in transit,7450.0,Pending
RT-02400,ORD-2025-046195,P-0393,2025-06-16,1,Damaged in transit,179100.0,Approved
RT-02401,ORD-2025-046203,P-0240,2025-06-21,1,Expired product,2750.0,Approved
RT-02402,ORD-2025-046241,P-0483,2025-06-23,1,Changed mind,41700.0,Pending
RT-02403,ORD-2025-046243,P-0992,2025-06-19,1,Changed mind,29200.0,Pending
RT-02404,ORD-2025-046253,P-0119,2025-06-28,1,Changed mind,1350.0,Approved
RT-02405,ORD-2025-046306,P-0404,2025-06-29,1,Defective on arrival,28100.0,Approved
RT-02406,ORD-2025-046308,P-0513,2025-06-22,1,Damaged in transit,50550.0,Approved
RT-02407,ORD-2025-046352,P-0358,2025-06-27,1,Damaged in transit,3950.0,Approved
RT-02408,ORD-2025-046370,P-0396,2025-06-21,1,Damaged in transit,79800.0,Approved
RT-02409,ORD-2025-046374,P-1053,2025-06-21,1,Wrong size,70550.0,Approved
RT-02410,ORD-2025-046393,P-0162,2025-06-24,1,Changed mind,30400.0,Approved
RT-02411,ORD-2025-046395,P-0635,2025-06-30,1,Damaged in transit,22900.0,Approved
RT-02412,ORD-2025-046407,P-0628,2025-06-30,1,Damaged in transit,65900.0,Rejected
RT-02413,ORD-2025-046429,P-0467,2025-07-01,2,Changed mind,1533100.0,Rejected
RT-02414,ORD-2025-046450,P-0107,2025-06-27,1,Damaged in transit,6250.0,Approved
RT-02415,ORD-2025-046493,P-0933,2025-07-02,1,Quality below expectation,11100.0,Approved
RT-02416,ORD-2025-046495,P-0530,2025-06-22,1,Wrong item delivered,53650.0,Approved
RT-02417,ORD-2025-046526,P-0949,2025-06-23,1,Quality below expectation,84250.0,Rejected
RT-02418,ORD-2025-046554,P-0553,2025-06-25,2,Changed mind,14900.0,Rejected
RT-02419,ORD-2025-046569,P-0638,2025-06-29,1,Changed mind,8350.0,Approved
RT-02420,ORD-2025-046572,P-0925,2025-07-04,2,Changed mind,4500.0,Approved
RT-02421,ORD-2025-046595,P-1008,2025-07-03,1,Quality below expectation,14000.0,Rejected
RT-02422,ORD-2025-046616,P-1075,2025-06-29,1,Wrong size,19600.0,Approved
RT-02423,ORD-2025-046624,P-0135,2025-06-28,1,Wrong item delivered,23050.0,Approved
RT-02424,ORD-2025-046629,P-1015,2025-07-01,1,Quality below expectation,86900.0,Approved
RT-02425,ORD-2025-046650,P-1024,2025-07-03,1,Wrong size,14650.0,Rejected
RT-02426,ORD-2025-046697,P-1185,2025-06-27,1,Changed mind,21200.0,Approved
RT-02427,ORD-2025-046705,P-0450,2025-06-25,1,Changed mind,318150.0,Rejected
RT-02428,ORD-2025-046765,P-0400,2025-07-06,1,Changed mind,91350.0,Approved
RT-02429,ORD-2025-046766,P-0509,2025-07-04,1,Defective on arrival,666900.0,Approved
RT-02430,ORD-2025-046788,P-0098,2025-07-03,1,Expired product,1650.0,Approved
RT-02431,ORD-2025-046803,P-1003,2025-06-28,1,Quality below expectation,43250.0,Approved
RT-02432,ORD-2025-046867,P-0229,2025-07-03,1,Damaged in transit,750.0,Approved
RT-02433,ORD-2025-046876,P-1069,2025-06-28,1,Wrong size,38400.0,Approved
RT-02434,ORD-2025-046884,P-0931,2025-07-01,1,Wrong item delivered,31945.5,Approved
RT-02435,ORD-2025-046892,P-0566,2025-07-08,1,Wrong item delivered,26450.0,Approved
RT-02436,ORD-2025-046895,P-0099,2025-07-09,1,Changed mind,6570.0,Approved
RT-02437,ORD-2025-046899,P-0426,2025-07-03,1,Defective on arrival,153945.0,Approved
RT-02438,ORD-2025-046951,P-1029,2025-07-05,1,Quality below expectation,105050.0,Approved
RT-02439,ORD-2025-046965,P-1134,2025-06-30,1,Expired product,11300.0,Approved
RT-02440,ORD-2025-046970,P-1180,2025-07-09,1,Changed mind,11800.0,Approved
RT-02441,ORD-2025-046989,P-0307,2025-07-11,1,Changed mind,4600.0,Approved
RT-02442,ORD-2025-046990,P-1001,2025-07-09,1,Quality below expectation,35775.0,Approved
RT-02443,ORD-2025-047012,P-0044,2025-07-10,1,Changed mind,2750.0,Approved
RT-02444,ORD-2025-047012,P-0086,2025-07-06,1,Changed mind,6650.0,Approved
RT-02445,ORD-2025-047029,P-0811,2025-06-28,1,Wrong item delivered,2650.0,Approved
RT-02446,ORD-2025-047038,P-0412,2025-07-11,2,Damaged in transit,200070.0,Approved
RT-02447,ORD-2025-047105,P-1041,2025-07-11,1,Wrong size,46400.0,Approved
RT-02448,ORD-2025-047114,P-0404,2025-07-08,1,Wrong item delivered,25290.0,Approved
RT-02449,ORD-2025-047128,P-0408,2025-07-06,1,Damaged in transit,132795.0,Approved
RT-02450,ORD-2025-047141,P-1048,2025-07-13,1,Wrong item delivered,86600.0,Approved
RT-02451,ORD-2025-047151,P-1094,2025-07-12,1,Damaged in transit,7700.0,Approved
RT-02452,ORD-2025-047153,P-0584,2025-07-09,1,Wrong item delivered,84550.0,Approved
RT-02453,ORD-2025-047184,P-0089,2025-07-12,1,Wrong item delivered,4500.0,Approved
RT-02454,ORD-2025-047186,P-0231,2025-07-03,1,Wrong item delivered,3750.0,Approved
RT-02455,ORD-2025-047196,P-0022,2025-07-13,1,Damaged in transit,7750.0,Approved
RT-02456,ORD-2025-047209,P-0442,2025-07-11,1,Defective on arrival,362229.0,Pending
RT-02457,ORD-2025-047221,P-0995,2025-07-04,1,Wrong item delivered,117800.0,Approved
RT-02458,ORD-2025-047269,P-1053,2025-07-10,1,Wrong item delivered,70550.0,Approved
RT-02459,ORD-2025-047301,P-0509,2025-07-03,2,Damaged in transit,1333800.0,Approved
RT-02460,ORD-2025-047303,P-1181,2025-07-03,1,Wrong item delivered,13995.0,Approved
RT-02461,ORD-2025-047307,P-0560,2025-07-13,1,Defective on arrival,22700.0,Approved
RT-02462,ORD-2025-047330,P-0063,2025-07-08,2,Wrong item delivered,12300.0,Approved
RT-02463,ORD-2025-047356,P-0555,2025-07-13,1,Defective on arrival,176650.0,Rejected
RT-02464,ORD-2025-047357,P-1038,2025-07-05,1,Quality below expectation,25250.0,Pending
RT-02465,ORD-2025-047419,P-1015,2025-07-10,1,Changed mind,86900.0,Approved
RT-02466,ORD-2025-047471,P-0415,2025-07-13,1,Damaged in transit,24700.0,Approved
RT-02467,ORD-2025-047478,P-1061,2025-07-06,1,Changed mind,82600.0,Pending
RT-02468,ORD-2025-047498,P-0801,2025-07-13,1,Wrong item delivered,8350.0,Approved
RT-02469,ORD-2025-047539,P-0481,2025-07-14,1,Changed mind,360800.0,Pending
RT-02470,ORD-2025-047542,P-0400,2025-07-06,1,Defective on arrival,82215.0,Approved
RT-02471,ORD-2025-047547,P-1038,2025-07-15,1,Changed mind,25250.0,Approved
RT-02472,ORD-2025-047549,P-0081,2025-07-06,1,Expired product,3780.0,Approved
RT-02473,ORD-2025-047561,P-0212,2025-07-08,1,Expired product,5100.0,Approved
RT-02474,ORD-2025-047584,P-0151,2025-07-18,1,Changed mind,1700.0,Approved
RT-02475,ORD-2025-047638,P-0445,2025-07-17,1,Changed mind,58150.0,Approved
RT-02476,ORD-2025-047659,P-0285,2025-07-20,1,Expired product,900.0,Approved
RT-02477,ORD-2025-047679,P-0454,2025-07-07,1,Wrong item delivered,127800.0,Pending
RT-02478,ORD-2025-047731,P-0621,2025-07-12,1,Changed mind,2500.0,Approved
RT-02479,ORD-2025-047736,P-0526,2025-07-19,1,Changed mind,71500.0,Pending
RT-02480,ORD-2025-047823,P-0281,2025-07-10,1,Wrong item delivered,12000.0,Rejected
RT-02481,ORD-2025-047844,P-0201,2025-07-13,1,Changed mind,1500.0,Approved
RT-02482,ORD-2025-047846,P-1141,2025-07-12,1,Wrong item delivered,61850.0,Approved
RT-02483,ORD-2025-047846,P-0115,2025-07-21,1,Expired product,4250.0,Approved
RT-02484,ORD-2025-047851,P-0625,2025-07-14,1,Damaged in transit,62100.0,Approved
RT-02485,ORD-2025-047985,P-1019,2025-07-14,2,Changed mind,194600.0,Approved
RT-02486,ORD-2025-048019,P-0456,2025-07-14,1,Wrong item delivered,129100.0,Approved
RT-02487,ORD-2025-048038,P-0399,2025-07-21,1,Defective on arrival,61500.0,Pending
RT-02488,ORD-2025-048057,P-0405,2025-07-14,1,Changed mind,107235.0,Approved
RT-02489,ORD-2025-048060,P-0023,2025-07-25,1,Expired product,5050.0,Approved
RT-02490,ORD-2025-048060,P-0475,2025-07-26,1,Defective on arrival,22230.0,Rejected
RT-02491,ORD-2025-048095,P-0062,2025-07-24,1,Changed mind,750.0,Approved
RT-02492,ORD-2025-048101,P-1031,2025-07-14,1,Wrong size,72028.5,Approved
RT-02493,ORD-2025-048113,P-1037,2025-07-17,1,Quality below expectation,76950.0,Approved
RT-02494,ORD-2025-048114,P-0375,2025-07-21,1,Changed mind,1500.0,Approved
RT-02495,ORD-2025-048127,P-0467,2025-07-14,1,Damaged in transit,766550.0,Approved
RT-02496,ORD-2025-048142,P-0333,2025-07-21,1,Wrong item delivered,6350.0,Approved
RT-02497,ORD-2025-048153,P-0096,2025-07-24,1,Damaged in transit,950.0,Rejected
RT-02498,ORD-2025-048189,P-1105,2025-07-26,1,Changed mind,9500.0,Approved
RT-02499,ORD-2025-048238,P-0821,2025-07-20,1,Changed mind,12350.0,Pending
RT-02500,ORD-2025-048246,P-0069,2025-07-20,1,Expired product,6350.0,Approved
RT-02501,ORD-2025-048276,P-0302,2025-07-22,1,Damaged in transit,2050.0,Approved
RT-02502,ORD-2025-048324,P-0939,2025-07-21,1,Quality below expectation,146200.0,Approved
RT-02503,ORD-2025-048356,P-0271,2025-07-22,2,Wrong item delivered,5673.0,Approved
RT-02504,ORD-2025-048369,P-0983,2025-07-29,1,Wrong item delivered,49000.0,Approved
RT-02505,ORD-2025-048390,P-0478,2025-07-25,2,Defective on arrival,568900.0,Approved
RT-02506,ORD-2025-048416,P-0395,2025-07-24,1,Damaged in transit,61650.0,Rejected
RT-02507,ORD-2025-048440,P-0124,2025-07-29,1,Expired product,6650.0,Approved
RT-02508,ORD-2025-048467,P-0302,2025-07-25,1,Wrong item delivered,2050.0,Approved
RT-02509,ORD-2025-048484,P-0675,2025-07-25,1,Expired product,31850.0,Rejected
RT-02510,ORD-2025-048486,P-1070,2025-07-26,1,Changed mind,84778.0,Approved
RT-02511,ORD-2025-048487,P-0761,2025-07-27,1,Wrong item delivered,8900.0,Approved
RT-02512,ORD-2025-048536,P-1166,2025-07-21,1,Damaged in transit,57100.0,Rejected
RT-02513,ORD-2025-048543,P-0511,2025-07-31,1,Damaged in transit,286350.0,Rejected
RT-02514,ORD-2025-048553,P-0528,2025-07-31,1,Changed mind,391850.0,Approved
RT-02515,ORD-2025-048606,P-0505,2025-08-04,1,Damaged in transit,727950.0,Approved
RT-02516,ORD-2025-048612,P-1186,2025-08-03,1,Damaged in transit,37150.0,Approved
RT-02517,ORD-2025-048616,P-0393,2025-07-28,2,Wrong item delivered,358200.0,Approved
RT-02518,ORD-2025-048632,P-0064,2025-07-29,1,Expired product,1800.0,Approved
RT-02519,ORD-2025-048634,P-0262,2025-07-25,1,Damaged in transit,350.0,Approved
RT-02520,ORD-2025-048671,P-0030,2025-07-31,3,Wrong item delivered,6552.0,Rejected
RT-02521,ORD-2025-048684,P-0160,2025-08-04,1,Changed mind,9600.0,Approved
RT-02522,ORD-2025-048696,P-0967,2025-07-31,1,Wrong item delivered,84506.0,Approved
RT-02523,ORD-2025-048721,P-0847,2025-07-24,1,Damaged in transit,650.0,Approved
RT-02524,ORD-2025-048723,P-0608,2025-07-30,1,Expired product,57950.0,Approved
RT-02525,ORD-2025-048742,P-0108,2025-08-01,1,Expired product,1450.0,Pending
RT-02526,ORD-2025-048742,P-0860,2025-07-27,1,Changed mind,9800.0,Approved
RT-02527,ORD-2025-048806,P-0174,2025-08-04,3,Expired product,37950.0,Approved
RT-02528,ORD-2025-048842,P-0905,2025-08-01,1,Damaged in transit,20250.0,Approved
RT-02529,ORD-2025-048875,P-0753,2025-07-29,1,Changed mind,21465.0,Approved
RT-02530,ORD-2025-048905,P-0059,2025-08-01,1,Expired product,10400.0,Approved
RT-02531,ORD-2025-048906,P-0223,2025-08-01,1,Expired product,4100.0,Approved
RT-02532,ORD-2025-048907,P-1016,2025-08-01,3,Quality below expectation,83400.0,Approved
RT-02533,ORD-2025-048975,P-0371,2025-08-02,1,Damaged in transit,4400.0,Approved
RT-02534,ORD-2025-048989,P-1049,2025-08-02,1,Wrong item delivered,14000.0,Approved
RT-02535,ORD-2025-049020,P-0718,2025-08-09,1,Damaged in transit,31700.0,Pending
RT-02536,ORD-2025-049028,P-0715,2025-08-08,1,Expired product,58800.0,Approved
RT-02537,ORD-2025-049036,P-1119,2025-08-06,1,Changed mind,15450.0,Approved
RT-02538,ORD-2025-049042,P-0532,2025-08-02,1,Defective on arrival,30600.0,Approved
RT-02539,ORD-2025-049059,P-0025,2025-08-07,2,Wrong item delivered,28600.0,Approved
RT-02540,ORD-2025-049082,P-0061,2025-08-01,3,Changed mind,19200.0,Approved
RT-02541,ORD-2025-049084,P-0039,2025-07-30,2,Expired product,1200.0,Approved
RT-02542,ORD-2025-049119,P-0419,2025-08-01,1,Damaged in transit,468350.0,Approved
RT-02543,ORD-2025-049129,P-0961,2025-08-02,1,Changed mind,92050.0,Approved
RT-02544,ORD-2025-049131,P-0800,2025-08-10,1,Expired product,5400.0,Approved
RT-02545,ORD-2025-049135,P-1045,2025-08-11,1,Changed mind,51850.0,Approved
RT-02546,ORD-2025-049146,P-0826,2025-07-31,1,Wrong item delivered,5445.0,Approved
RT-02547,ORD-2025-049147,P-0246,2025-08-08,1,Changed mind,700.0,Approved
RT-02548,ORD-2025-049158,P-0253,2025-08-10,1,Expired product,1200.0,Approved
RT-02549,ORD-2025-049209,P-0521,2025-08-08,1,Wrong item delivered,15950.0,Approved
RT-02550,ORD-2025-049223,P-0648,2025-08-07,1,Changed mind,3500.0,Approved
RT-02551,ORD-2025-049223,P-0109,2025-08-03,1,Damaged in transit,7100.0,Approved
RT-02552,ORD-2025-049255,P-0172,2025-08-08,2,Wrong item delivered,3800.0,Approved
RT-02553,ORD-2025-049258,P-1001,2025-08-06,1,Quality below expectation,39750.0,Pending
RT-02554,ORD-2025-049259,P-0867,2025-08-08,1,Expired product,4850.0,Pending
RT-02555,ORD-2025-049321,P-0082,2025-08-03,1,Changed mind,3300.0,Pending
RT-02556,ORD-2025-049338,P-0045,2025-08-05,1,Expired product,4400.0,Approved
RT-02557,ORD-2025-049353,P-0443,2025-08-01,1,Damaged in transit,305950.0,Approved
RT-02558,ORD-2025-049356,P-0280,2025-08-06,1,Changed mind,10340.0,Approved
RT-02559,ORD-2025-049374,P-1053,2025-08-07,1,Changed mind,70550.0,Rejected
RT-02560,ORD-2025-049382,P-0350,2025-08-10,2,Changed mind,9300.0,Approved
RT-02561,ORD-2025-049415,P-0902,2025-08-05,1,Changed mind,1200.0,Approved
RT-02562,ORD-2025-049429,P-1049,2025-08-03,1,Quality below expectation,14000.0,Pending
RT-02563,ORD-2025-049436,P-0405,2025-08-07,1,Wrong item delivered,119150.0,Approved
RT-02564,ORD-2025-049438,P-0958,2025-08-07,1,Wrong size,7650.0,Approved
RT-02565,ORD-2025-049442,P-0518,2025-08-11,1,Defective on arrival,229550.0,Approved
RT-02566,ORD-2025-049447,P-0160,2025-08-12,2,Changed mind,19200.0,Approved
RT-02567,ORD-2025-049456,P-0984,2025-08-06,1,Wrong item delivered,96022.5,Approved
RT-02568,ORD-2025-049457,P-0780,2025-08-12,1,Wrong item delivered,5950.0,Approved
RT-02569,ORD-2025-049459,P-1147,2025-08-10,1,Changed mind,7250.0,Approved
RT-02570,ORD-2025-049487,P-0937,2025-08-10,1,Wrong item delivered,77100.0,Approved
RT-02571,ORD-2025-049514,P-1073,2025-08-04,1,Quality below expectation,43650.0,Pending
RT-02572,ORD-2025-049515,P-0819,2025-08-08,1,Changed mind,4650.0,Approved
RT-02573,ORD-2025-049520,P-1136,2025-08-04,1,Expired product,18550.0,Approved
RT-02574,ORD-2025-049532,P-0402,2025-08-13,1,Damaged in transit,125800.0,Approved
RT-02575,ORD-2025-049538,P-0113,2025-08-11,1,Wrong item delivered,3200.0,Approved
RT-02576,ORD-2025-049551,P-1040,2025-08-03,1,Wrong item delivered,33900.0,Rejected
RT-02577,ORD-2025-049638,P-0289,2025-08-08,1,Damaged in transit,11200.0,Approved
RT-02578,ORD-2025-049650,P-0060,2025-08-16,1,Changed mind,22950.0,Pending
RT-02579,ORD-2025-049656,P-0459,2025-08-07,1,Changed mind,83550.0,Approved
RT-02580,ORD-2025-049720,P-1066,2025-08-07,2,Changed mind,63100.0,Rejected
RT-02581,ORD-2025-049759,P-1018,2025-08-14,1,Wrong item delivered,93200.0,Approved
RT-02582,ORD-2025-049767,P-0674,2025-08-17,2,Wrong item delivered,11800.0,Approved
RT-02583,ORD-2025-049815,P-0786,2025-08-14,2,Wrong item delivered,37800.0,Approved
RT-02584,ORD-2025-049818,P-0873,2025-08-21,1,Expired product,8700.0,Approved
RT-02585,ORD-2025-049832,P-1032,2025-08-17,1,Wrong size,63000.0,Approved
RT-02586,ORD-2025-049837,P-0909,2025-08-17,3,Damaged in transit,10650.0,Approved
RT-02587,ORD-2025-049886,P-0386,2025-08-13,1,Damaged in transit,156000.0,Approved
RT-02588,ORD-2025-049890,P-0108,2025-08-17,3,Wrong item delivered,4350.0,Approved
RT-02589,ORD-2025-049892,P-0321,2025-08-10,1,Damaged in transit,5850.0,Approved
RT-02590,ORD-2025-049893,P-0196,2025-08-15,2,Changed mind,10700.0,Approved
RT-02591,ORD-2025-049909,P-0721,2025-08-21,1,Changed mind,25450.0,Approved
RT-02592,ORD-2025-049924,P-0986,2025-08-11,1,Quality below expectation,50600.0,Approved
RT-02593,ORD-2025-049933,P-0438,2025-08-10,1,Defective on arrival,157450.0,Approved
RT-02594,ORD-2025-049951,P-0509,2025-08-20,1,Damaged in transit,666900.0,Approved
RT-02595,ORD-2025-049957,P-0926,2025-08-15,1,Wrong item delivered,22500.0,Approved
RT-02596,ORD-2025-049984,P-0120,2025-08-22,1,Expired product,3200.0,Approved
RT-02597,ORD-2025-050044,P-0059,2025-08-18,1,Expired product,10400.0,Approved
RT-02598,ORD-2025-050066,P-1132,2025-08-23,2,Damaged in transit,21400.0,Approved
RT-02599,ORD-2025-050078,P-0513,2025-08-16,1,Defective on arrival,50550.0,Approved
RT-02600,ORD-2025-050079,P-0388,2025-08-16,1,Wrong item delivered,396150.0,Approved
RT-02601,ORD-2025-050083,P-0545,2025-08-15,1,Damaged in transit,621900.0,Approved
RT-02602,ORD-2025-050087,P-0898,2025-08-15,1,Changed mind,6700.0,Approved
RT-02603,ORD-2025-050091,P-0990,2025-08-13,1,Wrong size,93100.0,Rejected
RT-02604,ORD-2025-050129,P-0961,2025-08-15,1,Changed mind,92050.0,Approved
RT-02605,ORD-2025-050134,P-0543,2025-08-15,1,Damaged in transit,90650.0,Approved
RT-02606,ORD-2025-050143,P-1031,2025-08-20,1,Wrong size,77450.0,Approved
RT-02607,ORD-2025-050150,P-0596,2025-08-26,1,Expired product,83331.0,Rejected
RT-02608,ORD-2025-050173,P-0232,2025-08-17,1,Expired product,4050.0,Approved
RT-02609,ORD-2025-050182,P-0530,2025-08-22,1,Damaged in transit,49358.0,Approved
RT-02610,ORD-2025-050185,P-0966,2025-08-20,1,Wrong item delivered,76200.0,Approved
RT-02611,ORD-2025-050198,P-0476,2025-08-16,1,Damaged in transit,20200.0,Approved
RT-02612,ORD-2025-050199,P-0552,2025-08-22,1,Wrong item delivered,72600.0,Approved
RT-02613,ORD-2025-050213,P-0488,2025-08-21,1,Damaged in transit,18800.0,Approved
RT-02614,ORD-2025-050237,P-0491,2025-08-17,1,Wrong item delivered,167300.0,Approved
RT-02615,ORD-2025-050243,P-0408,2025-08-25,1,Changed mind,147550.0,Approved
RT-02616,ORD-2025-050248,P-1057,2025-08-27,1,Wrong item delivered,89300.0,Approved
RT-02617,ORD-2025-050252,P-0388,2025-08-27,1,Wrong item delivered,396150.0,Approved
RT-02618,ORD-2025-050253,P-1017,2025-08-25,1,Changed mind,49950.0,Approved
RT-02619,ORD-2025-050314,P-0133,2025-08-28,1,Wrong item delivered,35550.0,Rejected
RT-02620,ORD-2025-050314,P-0887,2025-08-24,1,Changed mind,5500.0,Approved
RT-02621,ORD-2025-050329,P-0244,2025-08-24,1,Changed mind,4000.0,Approved
RT-02622,ORD-2025-050358,P-1007,2025-08-17,1,Quality below expectation,91450.0,Rejected
RT-02623,ORD-2025-050359,P-1045,2025-08-17,1,Wrong size,51850.0,Approved
RT-02624,ORD-2025-050366,P-1069,2025-08-28,1,Wrong size,38400.0,Pending
RT-02625,ORD-2025-050369,P-0465,2025-08-26,1,Changed mind,39450.0,Approved
RT-02626,ORD-2025-050376,P-0417,2025-08-18,1,Defective on arrival,111800.0,Approved
RT-02627,ORD-2025-050392,P-0663,2025-08-25,1,Damaged in transit,34450.0,Approved
RT-02628,ORD-2025-050397,P-0459,2025-08-31,1,Wrong item delivered,83550.0,Approved
RT-02629,ORD-2025-050412,P-0594,2025-08-28,3,Damaged in transit,216900.0,Rejected
RT-02630,ORD-2025-050431,P-1188,2025-08-29,1,Damaged in transit,67900.0,Pending
RT-02631,ORD-2025-050432,P-0396,2025-08-25,1,Wrong item delivered,79800.0,Rejected
RT-02632,ORD-2025-050441,P-0555,2025-08-28,1,Damaged in transit,176650.0,Approved
RT-02633,ORD-2025-050452,P-0640,2025-08-26,1,Wrong item delivered,14400.0,Approved
RT-02634,ORD-2025-050453,P-0425,2025-08-26,1,Defective on arrival,34650.0,Rejected
RT-02635,ORD-2025-050464,P-0568,2025-08-24,1,Changed mind,38650.0,Approved
RT-02636,ORD-2025-050474,P-0358,2025-08-26,2,Expired product,7900.0,Approved
RT-02637,ORD-2025-050501,P-0943,2025-08-20,1,Wrong size,79300.0,Approved
RT-02638,ORD-2025-050504,P-0443,2025-08-20,1,Damaged in transit,305950.0,Rejected
RT-02639,ORD-2025-050535,P-0746,2025-09-01,1,Wrong item delivered,4800.0,Approved
RT-02640,ORD-2025-050543,P-0100,2025-08-25,1,Wrong item delivered,1350.0,Approved
RT-02641,ORD-2025-050551,P-1015,2025-08-24,1,Wrong item delivered,86900.0,Approved
RT-02642,ORD-2025-050567,P-0532,2025-08-25,2,Defective on arrival,61200.0,Approved
RT-02643,ORD-2025-050598,P-0935,2025-08-24,1,Wrong size,53050.0,Pending
RT-02644,ORD-2025-050629,P-0150,2025-09-01,1,Damaged in transit,20000.0,Approved
RT-02645,ORD-2025-050658,P-0448,2025-09-01,1,Wrong item delivered,370300.0,Pending
RT-02646,ORD-2025-050667,P-0706,2025-08-25,1,Wrong item delivered,31950.0,Approved
RT-02647,ORD-2025-050669,P-1079,2025-08-22,1,Wrong size,93850.0,Approved
RT-02648,ORD-2025-050674,P-0248,2025-09-01,1,Expired product,9450.0,Approved
RT-02649,ORD-2025-050698,P-0136,2025-08-31,1,Wrong item delivered,4750.0,Approved
RT-02650,ORD-2025-050706,P-0293,2025-08-25,1,Damaged in transit,11100.0,Approved
RT-02651,ORD-2025-050720,P-0971,2025-09-05,1,Wrong item delivered,88150.0,Pending
RT-02652,ORD-2025-050756,P-0285,2025-09-01,1,Expired product,900.0,Approved
RT-02653,ORD-2025-050800,P-0398,2025-09-01,1,Defective on arrival,42400.0,Pending
RT-02654,ORD-2025-050825,P-0082,2025-08-28,1,Damaged in transit,3300.0,Approved
RT-02655,ORD-2025-050878,P-0781,2025-08-31,1,Wrong item delivered,1450.0,Pending
RT-02656,ORD-2025-050880,P-0384,2025-08-27,1,Changed mind,55300.0,Approved
RT-02657,ORD-2025-050887,P-1194,2025-09-07,1,Wrong item delivered,3750.0,Approved
RT-02658,ORD-2025-050937,P-0917,2025-08-29,1,Changed mind,1050.0,Approved
RT-02659,ORD-2025-050946,P-0441,2025-09-02,1,Damaged in transit,45650.0,Approved
RT-02660,ORD-2025-050954,P-0774,2025-09-04,1,Damaged in transit,1250.0,Approved
RT-02661,ORD-2025-050965,P-0387,2025-08-28,1,Defective on arrival,129700.0,Approved
RT-02662,ORD-2025-050968,P-0380,2025-08-30,1,Wrong item delivered,4150.0,Approved
RT-02663,ORD-2025-051006,P-0600,2025-08-29,1,Changed mind,8281.0,Approved
RT-02664,ORD-2025-051015,P-0044,2025-09-02,1,Changed mind,2750.0,Rejected
RT-02665,ORD-2025-051045,P-0277,2025-09-01,1,Expired product,2800.0,Approved
RT-02666,ORD-2025-051051,P-0248,2025-08-31,1,Wrong item delivered,9450.0,Approved
RT-02667,ORD-2025-051110,P-0508,2025-08-31,1,Wrong item delivered,93700.0,Pending
RT-02668,ORD-2025-051117,P-1012,2025-09-10,1,Changed mind,82550.0,Pending
RT-02669,ORD-2025-051121,P-0935,2025-09-06,1,Quality below expectation,53050.0,Approved
RT-02670,ORD-2025-051125,P-1072,2025-09-05,1,Wrong size,8100.0,Approved
RT-02671,ORD-2025-051149,P-0654,2025-09-07,1,Changed mind,37000.0,Rejected
RT-02672,ORD-2025-051167,P-0702,2025-09-04,1,Changed mind,29000.0,Approved
RT-02673,ORD-2025-051179,P-0894,2025-09-08,1,Damaged in transit,1800.0,Approved
RT-02674,ORD-2025-051196,P-0405,2025-09-03,1,Defective on arrival,119150.0,Pending
RT-02675,ORD-2025-051197,P-1075,2025-09-05,1,Changed mind,19600.0,Approved
RT-02676,ORD-2025-051344,P-1119,2025-09-01,1,Expired product,15450.0,Approved
RT-02677,ORD-2025-051365,P-0861,2025-09-07,1,Wrong item delivered,4650.0,Approved
RT-02678,ORD-2025-051366,P-0544,2025-09-03,1,Damaged in transit,159700.0,Approved
RT-02679,ORD-2025-051376,P-0224,2025-09-06,1,Damaged in transit,1000.0,Approved
RT-02680,ORD-2025-051386,P-1052,2025-09-01,1,Wrong item delivered,32050.0,Approved
RT-02681,ORD-2025-051429,P-0511,2025-09-04,1,Damaged in transit,286350.0,Pending
RT-02682,ORD-2025-051433,P-0450,2025-09-01,1,Wrong item delivered,318150.0,Approved
RT-02683,ORD-2025-051447,P-1038,2025-09-09,1,Quality below expectation,25250.0,Approved
RT-02684,ORD-2025-051481,P-0197,2025-09-04,2,Wrong item delivered,2200.0,Approved
RT-02685,ORD-2025-051485,P-0730,2025-09-02,1,Expired product,8100.0,Rejected
RT-02686,ORD-2025-051495,P-0750,2025-09-08,1,Wrong item delivered,500.0,Pending
RT-02687,ORD-2025-051510,P-0512,2025-09-10,2,Changed mind,105900.0,Rejected
RT-02688,ORD-2025-051550,P-0299,2025-09-16,1,Changed mind,4850.0,Approved
RT-02689,ORD-2025-051608,P-1007,2025-09-10,1,Wrong size,91450.0,Approved
RT-02690,ORD-2025-051615,P-0460,2025-09-07,1,Defective on arrival,188550.0,Approved
RT-02691,ORD-2025-051617,P-0532,2025-09-16,1,Wrong item delivered,30600.0,Approved
RT-02692,ORD-2025-051668,P-0550,2025-09-10,1,Damaged in transit,131350.0,Approved
RT-02693,ORD-2025-051671,P-0393,2025-09-17,1,Damaged in transit,164772.0,Rejected
RT-02694,ORD-2025-051707,P-0462,2025-09-11,1,Defective on arrival,291950.0,Approved
RT-02695,ORD-2025-051731,P-0954,2025-09-14,1,Quality below expectation,77880.0,Approved
RT-02696,ORD-2025-051731,P-0522,2025-09-17,1,Damaged in transit,4700.0,Pending
RT-02697,ORD-2025-051739,P-0408,2025-09-14,1,Changed mind,147550.0,Approved
RT-02698,ORD-2025-051752,P-0376,2025-09-18,1,Changed mind,5300.0,Approved
RT-02699,ORD-2025-051759,P-0055,2025-09-14,1,Damaged in transit,16740.0,Approved
RT-02700,ORD-2025-051780,P-1186,2025-09-11,1,Wrong item delivered,37150.0,Approved
RT-02701,ORD-2025-051780,P-0400,2025-09-15,1,Wrong item delivered,91350.0,Approved
RT-02702,ORD-2025-051795,P-1199,2025-09-13,1,Changed mind,14750.0,Approved
RT-02703,ORD-2025-051813,P-0565,2025-09-07,1,Wrong item delivered,2400.0,Approved
RT-02704,ORD-2025-051832,P-1017,2025-09-11,1,Changed mind,39960.0,Approved
RT-02705,ORD-2025-051840,P-0561,2025-09-13,1,Damaged in transit,37000.0,Approved
RT-02706,ORD-2025-051851,P-0995,2025-09-14,1,Wrong item delivered,117800.0,Approved
RT-02707,ORD-2025-051866,P-1077,2025-09-08,2,Wrong item delivered,82745.0,Approved
RT-02708,ORD-2025-051871,P-0435,2025-09-07,1,Wrong item delivered,68700.0,Pending
RT-02709,ORD-2025-051886,P-1003,2025-09-16,1,Wrong size,43250.0,Approved
RT-02710,ORD-2025-051888,P-0997,2025-09-20,1,Changed mind,149650.0,Approved
RT-02711,ORD-2025-051946,P-0424,2025-09-11,1,Damaged in transit,397050.0,Approved
RT-02712,ORD-2025-051959,P-0937,2025-09-11,1,Wrong size,77100.0,Approved
RT-02713,ORD-2025-051968,P-0961,2025-09-20,1,Wrong size,73640.0,Approved
RT-02714,ORD-2025-051993,P-0801,2025-09-09,2,Wrong item delivered,16700.0,Approved
RT-02715,ORD-2025-052099,P-0561,2025-09-15,1,Expired product,37000.0,Pending
RT-02716,ORD-2025-052104,P-0448,2025-09-21,1,Damaged in transit,370300.0,Approved
RT-02717,ORD-2025-052110,P-0132,2025-09-22,1,Damaged in transit,7150.0,Approved
RT-02718,ORD-2025-052116,P-0663,2025-09-14,1,Changed mind,34450.0,Approved
RT-02719,ORD-2025-052126,P-0793,2025-09-13,3,Damaged in transit,11100.0,Approved
RT-02720,ORD-2025-052144,P-0086,2025-09-19,2,Damaged in transit,13300.0,Rejected
RT-02721,ORD-2025-052153,P-0471,2025-09-13,1,Wrong item delivered,587500.0,Approved
RT-02722,ORD-2025-052155,P-1160,2025-09-15,1,Damaged in transit,31850.0,Approved
RT-02723,ORD-2025-052157,P-0988,2025-09-21,1,Changed mind,27850.0,Approved
RT-02724,ORD-2025-052179,P-1053,2025-09-17,1,Quality below expectation,70550.0,Approved
RT-02725,ORD-2025-052189,P-0402,2025-09-15,1,Damaged in transit,125800.0,Approved
RT-02726,ORD-2025-052217,P-0508,2025-09-18,1,Damaged in transit,93700.0,Approved
RT-02727,ORD-2025-052224,P-1063,2025-09-22,1,Wrong size,56600.0,Rejected
RT-02728,ORD-2025-052234,P-0945,2025-09-15,1,Changed mind,13150.0,Approved
RT-02729,ORD-2025-052252,P-0171,2025-09-15,1,Damaged in transit,2700.0,Approved
RT-02730,ORD-2025-052252,P-0091,2025-09-20,1,Damaged in transit,3000.0,Approved
RT-02731,ORD-2025-052316,P-0969,2025-09-15,1,Changed mind,73600.0,Approved
RT-02732,ORD-2025-052342,P-0941,2025-09-25,1,Quality below expectation,78880.0,Pending
RT-02733,ORD-2025-052352,P-0665,2025-09-24,1,Wrong item delivered,69500.0,Approved
RT-02734,ORD-2025-052376,P-0614,2025-09-27,1,Wrong item delivered,15950.0,Rejected
RT-02735,ORD-2025-052378,P-0080,2025-09-19,1,Changed mind,6100.0,Approved
RT-02736,ORD-2025-052387,P-0993,2025-09-22,1,Wrong size,119650.0,Approved
RT-02737,ORD-2025-052391,P-1001,2025-09-26,1,Wrong size,39750.0,Approved
RT-02738,ORD-2025-052400,P-0333,2025-09-25,1,Expired product,6350.0,Approved
RT-02739,ORD-2025-052464,P-0447,2025-09-19,1,Wrong item delivered,81050.0,Approved
RT-02740,ORD-2025-052533,P-0931,2025-09-19,1,Wrong size,27480.0,Pending
RT-02741,ORD-2025-052574,P-0692,2025-09-23,1,Changed mind,77350.0,Approved
RT-02742,ORD-2025-052576,P-0218,2025-09-27,1,Damaged in transit,9300.0,Approved
RT-02743,ORD-2025-052579,P-0080,2025-10-01,4,Damaged in transit,24400.0,Rejected
RT-02744,ORD-2025-052598,P-0997,2025-09-27,2,Wrong size,299300.0,Approved
RT-02745,ORD-2025-052599,P-0731,2025-10-02,1,Expired product,23150.0,Approved
RT-02746,ORD-2025-052602,P-0849,2025-09-21,2,Damaged in transit,19000.0,Pending
RT-02747,ORD-2025-052638,P-0474,2025-09-27,1,Wrong item delivered,362500.0,Approved
RT-02748,ORD-2025-052650,P-0697,2025-10-03,1,Changed mind,3950.0,Approved
RT-02749,ORD-2025-052671,P-0497,2025-09-22,1,Changed mind,104100.0,Approved
RT-02750,ORD-2025-052671,P-0361,2025-10-01,1,Changed mind,22350.0,Approved
RT-02751,ORD-2025-052696,P-0485,2025-09-24,2,Wrong item delivered,556400.0,Approved
RT-02752,ORD-2025-052719,P-0674,2025-09-28,1,Wrong item delivered,5900.0,Approved
RT-02753,ORD-2025-052729,P-0993,2025-09-26,1,Wrong size,95720.0,Rejected
RT-02754,ORD-2025-052740,P-0116,2025-09-30,1,Wrong item delivered,7100.0,Approved
RT-02755,ORD-2025-052751,P-0994,2025-10-04,1,Changed mind,110400.0,Pending
RT-02756,ORD-2025-052761,P-0865,2025-10-03,1,Damaged in transit,1400.0,Approved
RT-02757,ORD-2025-052770,P-0100,2025-09-30,1,Damaged in transit,1350.0,Approved
RT-02758,ORD-2025-052777,P-0856,2025-09-22,1,Damaged in transit,3550.0,Approved
RT-02759,ORD-2025-052784,P-1059,2025-10-02,1,Wrong item delivered,41050.0,Approved
RT-02760,ORD-2025-052821,P-0204,2025-10-04,2,Expired product,3600.0,Approved
RT-02761,ORD-2025-052825,P-0702,2025-10-04,1,Expired product,29000.0,Approved
RT-02762,ORD-2025-052838,P-0968,2025-09-23,2,Changed mind,151900.0,Approved
RT-02763,ORD-2025-052853,P-0852,2025-09-27,1,Damaged in transit,7250.0,Approved
RT-02764,ORD-2025-052899,P-0895,2025-10-05,1,Changed mind,10700.0,Approved
RT-02765,ORD-2025-052938,P-0262,2025-10-06,1,Damaged in transit,350.0,Approved
RT-02766,ORD-2025-052948,P-1130,2025-10-04,1,Changed mind,25850.0,Approved
RT-02767,ORD-2025-052951,P-0861,2025-09-28,1,Wrong item delivered,4650.0,Approved
RT-02768,ORD-2025-052961,P-1032,2025-09-30,1,Wrong size,63000.0,Approved
RT-02769,ORD-2025-052978,P-0888,2025-10-04,1,Damaged in transit,8650.0,Approved
RT-02770,ORD-2025-053032,P-0438,2025-10-05,1,Damaged in transit,157450.0,Approved
RT-02771,ORD-2025-053034,P-0970,2025-10-02,1,Wrong size,43150.0,Approved
RT-02772,ORD-2025-053083,P-0456,2025-09-29,1,Defective on arrival,129100.0,Approved
RT-02773,ORD-2025-053097,P-0455,2025-10-07,1,Wrong item delivered,111350.0,Approved
RT-02774,ORD-2025-053101,P-0790,2025-09-27,1,Expired product,9600.0,Approved
RT-02775,ORD-2025-053141,P-0805,2025-10-06,1,Expired product,10350.0,Pending
RT-02776,ORD-2025-053168,P-0983,2025-10-02,1,Quality below expectation,49000.0,Approved
RT-02777,ORD-2025-053172,P-0954,2025-10-01,1,Changed mind,97350.0,Approved
RT-02778,ORD-2025-053174,P-1011,2025-09-28,1,Wrong item delivered,55100.0,Approved
RT-02779,ORD-2025-053175,P-1049,2025-09-30,1,Wrong size,14000.0,Approved
RT-02780,ORD-2025-053187,P-1041,2025-09-30,1,Wrong size,46400.0,Rejected
RT-02781,ORD-2025-053203,P-0421,2025-10-01,2,Defective on arrival,47400.0,Approved
RT-02782,ORD-2025-053204,P-0083,2025-10-11,1,Wrong item delivered,4750.0,Pending
RT-02783,ORD-2025-053241,P-0870,2025-10-11,2,Damaged in transit,1600.0,Approved
RT-02784,ORD-2025-053253,P-0407,2025-10-03,2,Changed mind,358300.0,Approved
RT-02785,ORD-2025-053289,P-0286,2025-10-13,1,Changed mind,5250.0,Approved
RT-02786,ORD-2025-053299,P-0547,2025-09-30,1,Changed mind,51250.0,Approved
RT-02787,ORD-2025-053332,P-0753,2025-10-07,2,Wrong item delivered,44361.0,Approved
RT-02788,ORD-2025-053349,P-0438,2025-10-02,1,Damaged in transit,157450.0,Approved
RT-02789,ORD-2025-053359,P-0255,2025-09-30,1,Wrong item delivered,14800.0,Pending
RT-02790,ORD-2025-053364,P-0465,2025-10-12,1,Damaged in transit,39450.0,Approved
RT-02791,ORD-2025-053375,P-0355,2025-10-08,1,Changed mind,41250.0,Approved
RT-02792,ORD-2025-053481,P-0173,2025-10-02,1,Damaged in transit,12550.0,Approved
RT-02793,ORD-2025-053510,P-0459,2025-10-05,1,Defective on arrival,83550.0,Approved
RT-02794,ORD-2025-053525,P-1124,2025-10-07,1,Wrong item delivered,9250.0,Approved
RT-02795,ORD-2025-053563,P-0040,2025-10-05,1,Damaged in transit,9200.0,Approved
RT-02796,ORD-2025-053569,P-0954,2025-10-12,1,Wrong item delivered,97350.0,Approved
RT-02797,ORD-2025-053579,P-0447,2025-10-05,1,Wrong item delivered,81050.0,Approved
RT-02798,ORD-2025-053581,P-0126,2025-10-09,2,Wrong item delivered,3700.0,Approved
RT-02799,ORD-2025-053595,P-0991,2025-10-09,1,Wrong item delivered,35050.0,Approved
RT-02800,ORD-2025-053599,P-0764,2025-10-08,1,Wrong item delivered,1650.0,Approved
RT-02801,ORD-2025-053620,P-0873,2025-10-05,2,Changed mind,17400.0,Approved
RT-02802,ORD-2025-053622,P-0087,2025-10-12,1,Changed mind,2250.0,Approved
RT-02803,ORD-2025-053639,P-0151,2025-10-14,2,Expired product,3400.0,Approved
RT-02804,ORD-2025-053643,P-0828,2025-10-06,2,Damaged in transit,42400.0,Approved
RT-02805,ORD-2025-053658,P-1008,2025-10-12,1,Wrong item delivered,14000.0,Approved
RT-02806,ORD-2025-053677,P-0595,2025-10-06,1,Wrong item delivered,70695.0,Approved
RT-02807,ORD-2025-053691,P-0668,2025-10-12,1,Expired product,17480.0,Approved
RT-02808,ORD-2025-053691,P-0842,2025-10-15,1,Damaged in transit,9400.0,Approved
RT-02809,ORD-2025-053698,P-0419,2025-10-16,1,Changed mind,468350.0,Approved
RT-02810,ORD-2025-053734,P-1030,2025-10-10,1,Changed mind,84350.0,Pending
RT-02811,ORD-2025-053763,P-0545,2025-10-08,1,Defective on arrival,621900.0,Approved
RT-02812,ORD-2025-053771,P-0991,2025-10-12,1,Quality below expectation,35050.0,Approved
RT-02813,ORD-2025-053774,P-1059,2025-10-15,1,Quality below expectation,41050.0,Approved
RT-02814,ORD-2025-053794,P-0652,2025-10-11,1,Changed mind,29550.0,Approved
RT-02815,ORD-2025-053822,P-1006,2025-10-20,1,Wrong size,63400.0,Approved
RT-02816,ORD-2025-053824,P-0162,2025-10-12,2,Damaged in transit,60800.0,Pending
RT-02817,ORD-2025-053835,P-0407,2025-10-20,1,Wrong item delivered,179150.0,Approved
RT-02818,ORD-2025-053861,P-1008,2025-10-21,1,Changed mind,14000.0,Approved
RT-02819,ORD-2025-053863,P-0241,2025-10-13,1,Wrong item delivered,19400.0,Approved
RT-02820,ORD-2025-053880,P-1163,2025-10-15,1,Changed mind,9350.0,Approved
RT-02821,ORD-2025-053902,P-0405,2025-10-18,1,Wrong item delivered,119150.0,Approved
RT-02822,ORD-2025-053942,P-0437,2025-10-15,1,Damaged in transit,749100.0,Approved
RT-02823,ORD-2025-053946,P-1022,2025-10-16,1,Quality below expectation,17700.0,Approved
RT-02824,ORD-2025-053955,P-0961,2025-10-19,1,Quality below expectation,92050.0,Approved
RT-02825,ORD-2025-053972,P-1061,2025-10-21,1,Wrong size,82600.0,Approved
RT-02826,ORD-2025-053975,P-0890,2025-10-19,1,Changed mind,2850.0,Approved
RT-02827,ORD-2025-053980,P-0150,2025-10-13,2,Wrong item delivered,40000.0,Approved
RT-02828,ORD-2025-054002,P-1061,2025-10-14,1,Wrong size,82600.0,Approved
RT-02829,ORD-2025-054003,P-1174,2025-10-22,1,Damaged in transit,2450.0,Approved
RT-02830,ORD-2025-054008,P-0475,2025-10-10,1,Wrong item delivered,24700.0,Approved
RT-02831,ORD-2025-054035,P-1074,2025-10-19,1,Wrong size,77050.0,Approved
RT-02832,ORD-2025-054072,P-0241,2025-10-18,2,Wrong item delivered,38800.0,Approved
RT-02833,ORD-2025-054075,P-0322,2025-10-13,2,Expired product,78700.0,Approved
RT-02834,ORD-2025-054131,P-0712,2025-10-18,1,Wrong item delivered,16950.0,Pending
RT-02835,ORD-2025-054140,P-1120,2025-10-16,1,Changed mind,17700.0,Pending
RT-02836,ORD-2025-054152,P-0582,2025-10-24,2,Wrong item delivered,153600.0,Approved
RT-02837,ORD-2025-054164,P-0395,2025-10-20,1,Changed mind,61650.0,Approved
RT-02838,ORD-2025-054189,P-0543,2025-10-20,1,Defective on arrival,90650.0,Approved
RT-02839,ORD-2025-054205,P-1070,2025-10-17,1,Quality below expectation,92150.0,Approved
RT-02840,ORD-2025-054245,P-0254,2025-10-25,1,Expired product,7600.0,Approved
RT-02841,ORD-2025-054296,P-0405,2025-10-25,1,Damaged in transit,119150.0,Rejected
RT-02842,ORD-2025-054336,P-0490,2025-10-27,1,Damaged in transit,123800.0,Pending
RT-02843,ORD-2025-054348,P-0780,2025-10-24,1,Expired product,5950.0,Approved
RT-02844,ORD-2025-054380,P-0965,2025-10-26,1,Quality below expectation,56300.0,Approved
RT-02845,ORD-2025-054459,P-0090,2025-10-22,1,Changed mind,3800.0,Approved
RT-02846,ORD-2025-054465,P-0096,2025-10-28,1,Changed mind,950.0,Approved
RT-02847,ORD-2025-054475,P-0381,2025-10-19,1,Changed mind,410900.0,Approved
RT-02848,ORD-2025-054501,P-0690,2025-10-18,1,Changed mind,8300.0,Approved
RT-02849,ORD-2025-054561,P-0557,2025-10-20,1,Damaged in transit,51100.0,Rejected
RT-02850,ORD-2025-054566,P-0424,2025-10-21,1,Defective on arrival,397050.0,Approved
RT-02851,ORD-2025-054587,P-0506,2025-10-26,1,Wrong item delivered,839500.0,Approved
RT-02852,ORD-2025-054588,P-0545,2025-10-19,1,Damaged in transit,621900.0,Approved
RT-02853,ORD-2025-054614,P-0283,2025-10-27,1,Wrong item delivered,4900.0,Approved
RT-02854,ORD-2025-054615,P-0091,2025-10-30,1,Damaged in transit,3000.0,Approved
RT-02855,ORD-2025-054626,P-0623,2025-11-01,1,Wrong item delivered,9750.0,Pending
RT-02856,ORD-2025-054640,P-1151,2025-10-29,1,Wrong item delivered,18000.0,Approved
RT-02857,ORD-2025-054654,P-0472,2025-10-28,1,Changed mind,131550.0,Approved
RT-02858,ORD-2025-054658,P-0957,2025-10-26,1,Changed mind,87250.0,Approved
RT-02859,ORD-2025-054659,P-0521,2025-10-30,2,Changed mind,31900.0,Approved
RT-02860,ORD-2025-054672,P-0030,2025-11-02,2,Changed mind,4800.0,Approved
RT-02861,ORD-2025-054673,P-1043,2025-11-03,1,Wrong size,25650.0,Approved
RT-02862,ORD-2025-054683,P-0716,2025-10-28,2,Wrong item delivered,157300.0,Approved
RT-02863,ORD-2025-054687,P-0223,2025-10-29,2,Wrong item delivered,8200.0,Approved
RT-02864,ORD-2025-054706,P-1074,2025-10-27,1,Wrong size,77050.0,Approved
RT-02865,ORD-2025-054743,P-0134,2025-11-02,1,Damaged in transit,10850.0,Approved
RT-02866,ORD-2025-054753,P-0535,2025-11-02,1,Changed mind,34350.0,Approved
RT-02867,ORD-2025-054804,P-0705,2025-10-28,1,Expired product,71400.0,Approved
RT-02868,ORD-2025-054816,P-1049,2025-10-25,1,Wrong item delivered,14000.0,Approved
RT-02869,ORD-2025-054858,P-0883,2025-10-24,1,Damaged in transit,5200.0,Approved
RT-02870,ORD-2025-054864,P-0465,2025-10-25,1,Defective on arrival,39450.0,Approved
RT-02871,ORD-2025-054876,P-0552,2025-10-24,1,Defective on arrival,72600.0,Approved
RT-02872,ORD-2025-054881,P-0098,2025-11-02,1,Changed mind,1650.0,Approved
RT-02873,ORD-2025-054905,P-0920,2025-10-26,1,Changed mind,7700.0,Approved
RT-02874,ORD-2025-054940,P-0080,2025-10-27,1,Wrong item delivered,6100.0,Approved
RT-02875,ORD-2025-054941,P-0083,2025-11-03,1,Expired product,4750.0,Approved
RT-02876,ORD-2025-054959,P-0322,2025-11-07,1,Wrong item delivered,39350.0,Approved
RT-02877,ORD-2025-055007,P-1005,2025-11-06,1,Quality below expectation,64100.0,Approved
RT-02878,ORD-2025-055018,P-0664,2025-10-26,2,Wrong item delivered,13500.0,Pending
RT-02879,ORD-2025-055023,P-0497,2025-11-04,2,Wrong item delivered,208200.0,Approved
RT-02880,ORD-2025-055031,P-0520,2025-11-03,1,Damaged in transit,339200.0,Approved
RT-02881,ORD-2025-055039,P-0654,2025-10-29,2,Damaged in transit,74000.0,Approved
RT-02882,ORD-2025-055042,P-0137,2025-10-30,2,Wrong item delivered,17300.0,Rejected
RT-02883,ORD-2025-055083,P-0540,2025-11-05,1,Wrong item delivered,297800.0,Approved
RT-02884,ORD-2025-055088,P-0506,2025-11-01,1,Wrong item delivered,839500.0,Rejected
RT-02885,ORD-2025-055089,P-1080,2025-10-30,1,Wrong size,32100.0,Approved
RT-02886,ORD-2025-055096,P-0420,2025-10-30,3,Changed mind,1604250.0,Approved
RT-02887,ORD-2025-055100,P-0579,2025-10-31,1,Wrong item delivered,22350.0,Pending
RT-02888,ORD-2025-055133,P-0491,2025-10-29,1,Damaged in transit,167300.0,Rejected
RT-02889,ORD-2025-055133,P-1079,2025-11-04,2,Wrong size,187700.0,Approved
RT-02890,ORD-2025-055137,P-1062,2025-10-30,1,Wrong item delivered,83550.0,Pending
RT-02891,ORD-2025-055197,P-0129,2025-10-29,1,Expired product,12200.0,Approved
RT-02892,ORD-2025-055224,P-0552,2025-10-29,1,Wrong item delivered,72600.0,Approved
RT-02893,ORD-2025-055226,P-1043,2025-10-29,1,Wrong item delivered,25650.0,Approved
RT-02894,ORD-2025-055228,P-1023,2025-11-11,1,Wrong size,40250.0,Approved
RT-02895,ORD-2025-055237,P-1044,2025-11-02,1,Changed mind,14300.0,Pending
RT-02896,ORD-2025-055259,P-0213,2025-11-05,1,Changed mind,6550.0,Approved
RT-02897,ORD-2025-055262,P-0197,2025-10-30,1,Changed mind,1100.0,Approved
RT-02898,ORD-2025-055271,P-0367,2025-11-07,1,Changed mind,29900.0,Approved
RT-02899,ORD-2025-055308,P-1046,2025-11-06,1,Changed mind,71400.0,Approved
RT-02900,ORD-2025-055317,P-0609,2025-10-30,2,Expired product,167600.0,Approved
RT-02901,ORD-2025-055334,P-0611,2025-11-12,1,Expired product,31905.0,Approved
RT-02902,ORD-2025-055335,P-0049,2025-11-01,1,Wrong item delivered,38750.0,Approved
RT-02903,ORD-2025-055347,P-0828,2025-11-03,1,Wrong item delivered,21200.0,Approved
RT-02904,ORD-2025-055382,P-0964,2025-11-08,1,Wrong item delivered,70750.0,Approved
RT-02905,ORD-2025-055406,P-0315,2025-11-13,2,Expired product,500.0,Approved
RT-02906,ORD-2025-055407,P-0446,2025-11-10,1,Defective on arrival,338600.0,Approved
RT-02907,ORD-2025-055412,P-0226,2025-11-04,1,Expired product,6250.0,Approved
RT-02908,ORD-2025-055443,P-0943,2025-11-01,1,Quality below expectation,79300.0,Approved
RT-02909,ORD-2025-055449,P-0882,2025-11-10,1,Expired product,8150.0,Approved
RT-02910,ORD-2025-055472,P-0445,2025-11-01,1,Changed mind,58150.0,Approved
RT-02911,ORD-2025-055509,P-0249,2025-11-09,2,Changed mind,22100.0,Approved
RT-02912,ORD-2025-055529,P-0111,2025-11-10,1,Expired product,3087.5,Approved
RT-02913,ORD-2025-055538,P-0915,2025-11-10,1,Expired product,8750.0,Approved
RT-02914,ORD-2025-055545,P-0384,2025-11-14,1,Changed mind,55300.0,Approved
RT-02915,ORD-2025-055550,P-1042,2025-11-04,1,Quality below expectation,54200.0,Pending
RT-02916,ORD-2025-055567,P-0423,2025-11-07,1,Damaged in transit,413200.0,Approved
RT-02917,ORD-2025-055572,P-1093,2025-11-11,1,Wrong item delivered,16750.0,Approved
RT-02918,ORD-2025-055589,P-0888,2025-11-08,1,Damaged in transit,8650.0,Approved
RT-02919,ORD-2025-055641,P-0986,2025-11-05,1,Wrong item delivered,50600.0,Approved
RT-02920,ORD-2025-055648,P-0971,2025-11-13,1,Changed mind,82861.0,Approved
RT-02921,ORD-2025-055673,P-1107,2025-11-12,1,Wrong item delivered,2400.0,Approved
RT-02922,ORD-2025-055677,P-0524,2025-11-10,1,Changed mind,195050.0,Approved
RT-02923,ORD-2025-055692,P-0475,2025-11-04,1,Changed mind,24700.0,Rejected
RT-02924,ORD-2025-055695,P-0408,2025-11-08,1,Defective on arrival,147550.0,Approved
RT-02925,ORD-2025-055700,P-0397,2025-11-15,2,Wrong item delivered,266300.0,Approved
RT-02926,ORD-2025-055731,P-0640,2025-11-10,1,Wrong item delivered,14400.0,Approved
RT-02927,ORD-2025-055770,P-0396,2025-11-17,1,Defective on arrival,79800.0,Approved
RT-02928,ORD-2025-055795,P-0540,2025-11-06,1,Changed mind,297800.0,Approved
RT-02929,ORD-2025-055802,P-0358,2025-11-14,1,Wrong item delivered,3950.0,Approved
RT-02930,ORD-2025-055805,P-0694,2025-11-17,1,Expired product,9150.0,Approved
RT-02931,ORD-2025-055865,P-1063,2025-11-17,1,Wrong size,70750.0,Approved
RT-02932,ORD-2025-055869,P-0395,2025-11-11,1,Damaged in transit,61650.0,Approved
RT-02933,ORD-2025-055876,P-1165,2025-11-10,1,Changed mind,6850.0,Approved
RT-02934,ORD-2025-055887,P-0051,2025-11-14,1,Damaged in transit,8100.0,Rejected
RT-02935,ORD-2025-055913,P-1107,2025-11-08,1,Wrong item delivered,2400.0,Approved
RT-02936,ORD-2025-055919,P-0412,2025-11-20,1,Wrong item delivered,111150.0,Rejected
RT-02937,ORD-2025-055920,P-0466,2025-11-21,3,Changed mind,215850.0,Approved
RT-02938,ORD-2025-055929,P-0983,2025-11-15,1,Changed mind,45570.0,Approved
RT-02939,ORD-2025-056000,P-0428,2025-11-20,1,Damaged in transit,48950.0,Approved
RT-02940,ORD-2025-056006,P-0840,2025-11-13,1,Changed mind,6835.5,Pending
RT-02941,ORD-2025-056012,P-0515,2025-11-17,1,Defective on arrival,55272.0,Approved
RT-02942,ORD-2025-056014,P-0892,2025-11-17,1,Damaged in transit,6400.0,Approved
RT-02943,ORD-2025-056025,P-0076,2025-11-19,3,Changed mind,18150.0,Approved
RT-02944,ORD-2025-056072,P-0390,2025-11-11,1,Changed mind,80250.0,Approved
RT-02945,ORD-2025-056120,P-1187,2025-11-19,1,Wrong item delivered,55750.0,Pending
RT-02946,ORD-2025-056130,P-1006,2025-11-19,1,Quality below expectation,63400.0,Approved
RT-02947,ORD-2025-056133,P-1101,2025-11-14,1,Damaged in transit,7000.0,Approved
RT-02948,ORD-2025-056135,P-0940,2025-11-15,1,Quality below expectation,111750.0,Approved
RT-02949,ORD-2025-056189,P-0612,2025-11-25,1,Damaged in transit,2350.0,Approved
RT-02950,ORD-2025-056192,P-0915,2025-11-14,2,Expired product,17500.0,Approved
RT-02951,ORD-2025-056221,P-1016,2025-11-17,1,Wrong item delivered,27800.0,Approved
RT-02952,ORD-2025-056234,P-0460,2025-11-19,1,Wrong item delivered,188550.0,Approved
RT-02953,ORD-2025-056262,P-0595,2025-11-26,1,Expired product,78550.0,Approved
RT-02954,ORD-2025-056265,P-0517,2025-11-17,1,Defective on arrival,19450.0,Approved
RT-02955,ORD-2025-056295,P-0511,2025-11-15,1,Damaged in transit,286350.0,Approved
RT-02956,ORD-2025-056318,P-0698,2025-11-24,1,Expired product,13850.0,Approved
RT-02957,ORD-2025-056322,P-0528,2025-11-18,1,Damaged in transit,391850.0,Rejected
RT-02958,ORD-2025-056410,P-0327,2025-11-26,1,Expired product,2800.0,Approved
RT-02959,ORD-2025-056413,P-0823,2025-11-29,1,Damaged in transit,2850.0,Approved
RT-02960,ORD-2025-056446,P-0252,2025-11-19,1,Expired product,2200.0,Approved
RT-02961,ORD-2025-056455,P-0944,2025-11-16,1,Changed mind,18700.0,Approved
RT-02962,ORD-2025-056459,P-1129,2025-11-27,1,Changed mind,12250.0,Approved
RT-02963,ORD-2025-056508,P-0992,2025-11-19,1,Wrong size,27740.0,Approved
RT-02964,ORD-2025-056520,P-0475,2025-11-29,1,Changed mind,24700.0,Approved
RT-02965,ORD-2025-056575,P-0080,2025-11-23,1,Changed mind,6100.0,Approved
RT-02966,ORD-2025-056582,P-0384,2025-11-19,1,Changed mind,55300.0,Approved
RT-02967,ORD-2025-056588,P-0484,2025-11-29,1,Damaged in transit,55550.0,Approved
RT-02968,ORD-2025-056588,P-0554,2025-11-26,1,Damaged in transit,52000.0,Approved
RT-02969,ORD-2025-056649,P-0535,2025-11-29,1,Changed mind,34350.0,Approved
RT-02970,ORD-2025-056651,P-0559,2025-11-26,1,Wrong item delivered,94100.0,Approved
RT-02971,ORD-2025-056657,P-0598,2025-11-30,1,Damaged in transit,11800.0,Approved
RT-02972,ORD-2025-056658,P-0519,2025-11-30,1,Changed mind,58150.0,Approved
RT-02973,ORD-2025-056661,P-0093,2025-12-01,1,Expired product,1000.0,Approved
RT-02974,ORD-2025-056676,P-1185,2025-11-27,3,Expired product,63600.0,Approved
RT-02975,ORD-2025-056692,P-1153,2025-11-29,2,Expired product,6200.0,Pending
RT-02976,ORD-2025-056699,P-0839,2025-11-22,1,Wrong item delivered,21700.0,Approved
RT-02977,ORD-2025-056708,P-0458,2025-11-21,1,Changed mind,80550.0,Approved
RT-02978,ORD-2025-056757,P-0861,2025-11-21,1,Damaged in transit,4650.0,Approved
RT-02979,ORD-2025-056785,P-1030,2025-12-02,1,Quality below expectation,84350.0,Approved
RT-02980,ORD-2025-056799,P-0916,2025-12-05,1,Damaged in transit,8450.0,Approved
RT-02981,ORD-2025-056832,P-0045,2025-12-03,1,Expired product,4400.0,Approved
RT-02982,ORD-2025-056859,P-0541,2025-12-02,2,Changed mind,655300.0,Rejected
RT-02983,ORD-2025-056877,P-0135,2025-12-04,1,Changed mind,23050.0,Pending
RT-02984,ORD-2025-056906,P-0124,2025-11-29,1,Changed mind,6118.0,Approved
RT-02985,ORD-2025-056915,P-0081,2025-11-24,1,Changed mind,4200.0,Pending
RT-02986,ORD-2025-057004,P-1189,2025-11-30,2,Damaged in transit,9500.0,Approved
RT-02987,ORD-2025-057007,P-1055,2025-11-27,1,Wrong item delivered,24800.0,Rejected
RT-02988,ORD-2025-057051,P-0072,2025-11-28,1,Changed mind,3550.0,Approved
RT-02989,ORD-2025-057063,P-0314,2025-12-03,1,Wrong item delivered,6950.0,Approved
RT-02990,ORD-2025-057074,P-0946,2025-12-09,2,Quality below expectation,98420.0,Pending
RT-02991,ORD-2025-057087,P-0576,2025-12-03,1,Changed mind,7735.0,Approved
RT-02992,ORD-2025-057124,P-1117,2025-12-06,1,Wrong item delivered,4760.0,Approved
RT-02993,ORD-2025-057149,P-0555,2025-12-08,1,Damaged in transit,176650.0,Pending
RT-02994,ORD-2025-057195,P-0966,2025-12-04,1,Changed mind,76200.0,Approved
RT-02995,ORD-2025-057236,P-0063,2025-12-07,1,Expired product,6150.0,Approved
RT-02996,ORD-2025-057244,P-0035,2025-12-08,3,Expired product,36519.0,Approved
RT-02997,ORD-2025-057293,P-1086,2025-12-05,1,Damaged in transit,16650.0,Approved
RT-02998,ORD-2025-057323,P-0862,2025-11-30,1,Changed mind,3850.0,Rejected
RT-02999,ORD-2025-057325,P-0619,2025-12-02,1,Damaged in transit,29050.0,Approved
RT-03000,ORD-2025-057333,P-1056,2025-12-01,1,Changed mind,5320.0,Approved
RT-03001,ORD-2025-057339,P-0554,2025-12-03,1,Damaged in transit,36400.0,Approved
RT-03002,ORD-2025-057351,P-0407,2025-12-05,1,Defective on arrival,125405.0,Rejected
RT-03003,ORD-2025-057363,P-1005,2025-12-09,1,Wrong item delivered,44870.0,Pending
RT-03004,ORD-2025-057432,P-0109,2025-12-06,1,Changed mind,7100.0,Approved
RT-03005,ORD-2025-057452,P-0481,2025-12-10,1,Defective on arrival,252560.0,Rejected
RT-03006,ORD-2025-057462,P-0454,2025-11-28,1,Wrong item delivered,89460.0,Approved
RT-03007,ORD-2025-057474,P-1088,2025-12-07,2,Expired product,90800.0,Rejected
RT-03008,ORD-2025-057489,P-1056,2025-12-03,1,Wrong item delivered,7600.0,Approved
RT-03009,ORD-2025-057507,P-0469,2025-12-02,1,Changed mind,107625.0,Approved
RT-03010,ORD-2025-057509,P-0530,2025-12-11,1,Changed mind,53650.0,Approved
RT-03011,ORD-2025-057513,P-0397,2025-12-03,1,Defective on arrival,93205.0,Approved
RT-03012,ORD-2025-057516,P-1037,2025-11-30,1,Wrong item delivered,53865.0,Approved
RT-03013,ORD-2025-057545,P-0893,2025-12-10,1,Changed mind,1450.0,Rejected
RT-03014,ORD-2025-057605,P-0257,2025-11-30,1,Changed mind,5285.0,Pending
RT-03015,ORD-2025-057625,P-1055,2025-12-09,1,Changed mind,24800.0,Approved
RT-03016,ORD-2025-057640,P-0419,2025-12-02,1,Defective on arrival,468350.0,Approved
RT-03017,ORD-2025-057657,P-1083,2025-12-04,1,Expired product,7735.0,Approved
RT-03018,ORD-2025-057664,P-0113,2025-12-04,1,Damaged in transit,2240.0,Approved
RT-03019,ORD-2025-057664,P-0454,2025-12-02,1,Changed mind,127800.0,Approved
RT-03020,ORD-2025-057688,P-0035,2025-12-11,1,Damaged in transit,12950.0,Approved
RT-03021,ORD-2025-057688,P-0920,2025-12-03,1,Changed mind,5390.0,Approved
RT-03022,ORD-2025-057691,P-0243,2025-12-09,1,Changed mind,1200.0,Approved
RT-03023,ORD-2025-057707,P-0187,2025-12-05,1,Damaged in transit,2065.0,Approved
RT-03024,ORD-2025-057707,P-0081,2025-12-11,1,Wrong item delivered,3948.0,Approved
RT-03025,ORD-2025-057709,P-0381,2025-12-10,3,Changed mind,862890.0,Approved
RT-03026,ORD-2025-057767,P-0406,2025-12-02,1,Changed mind,263235.0,Approved
RT-03027,ORD-2025-057814,P-0145,2025-12-03,1,Damaged in transit,36550.0,Approved
RT-03028,ORD-2025-057819,P-0907,2025-11-30,2,Changed mind,20500.0,Rejected
RT-03029,ORD-2025-057823,P-1071,2025-12-08,1,Wrong size,60760.0,Approved
RT-03030,ORD-2025-057830,P-0733,2025-12-11,1,Wrong item delivered,4600.0,Rejected
RT-03031,ORD-2025-057855,P-0532,2025-12-10,1,Defective on arrival,30600.0,Approved
RT-03032,ORD-2025-057861,P-1058,2025-12-03,1,Wrong item delivered,16870.0,Pending
RT-03033,ORD-2025-057891,P-0229,2025-12-05,1,Damaged in transit,525.0,Approved
RT-03034,ORD-2025-057892,P-1135,2025-12-04,1,Wrong item delivered,22100.0,Pending
RT-03035,ORD-2025-057924,P-0499,2025-12-10,1,Changed mind,199600.0,Approved
RT-03036,ORD-2025-057938,P-0459,2025-12-08,1,Wrong item delivered,58485.0,Approved
RT-03037,ORD-2025-057956,P-0294,2025-12-14,1,Wrong item delivered,9500.0,Approved
RT-03038,ORD-2025-057994,P-0956,2025-12-07,1,Wrong size,44765.0,Approved
RT-03039,ORD-2025-058030,P-0938,2025-12-09,1,Quality below expectation,51400.0,Approved
RT-03040,ORD-2025-058036,P-0414,2025-12-10,1,Damaged in transit,26600.0,Approved
RT-03041,ORD-2025-058045,P-0968,2025-12-14,1,Changed mind,75950.0,Approved
RT-03042,ORD-2025-058053,P-0343,2025-12-06,1,Changed mind,7250.0,Approved
RT-03043,ORD-2025-058134,P-0285,2025-12-08,1,Changed mind,900.0,Approved
RT-03044,ORD-2025-058211,P-1182,2025-12-05,1,Damaged in transit,12670.0,Approved
RT-03045,ORD-2025-058215,P-0419,2025-12-07,1,Changed mind,468350.0,Approved
RT-03046,ORD-2025-058240,P-0556,2025-12-09,1,Defective on arrival,91600.0,Approved
RT-03047,ORD-2025-058243,P-1067,2025-12-02,1,Quality below expectation,64960.0,Approved
RT-03048,ORD-2025-058258,P-0534,2025-12-02,3,Defective on arrival,486300.0,Approved
RT-03049,ORD-2025-058259,P-0970,2025-12-06,1,Wrong item delivered,30205.0,Approved
RT-03050,ORD-2025-058261,P-1085,2025-12-03,1,Expired product,7280.0,Approved
RT-03051,ORD-2025-058268,P-0853,2025-12-09,1,Wrong item delivered,5810.0,Approved
RT-03052,ORD-2025-058298,P-1028,2025-12-12,1,Wrong size,44450.0,Pending
RT-03053,ORD-2025-058329,P-0222,2025-12-08,3,Changed mind,15228.0,Approved
RT-03054,ORD-2025-058331,P-0167,2025-12-10,1,Expired product,2100.0,Approved
RT-03055,ORD-2025-058362,P-0035,2025-12-05,1,Changed mind,12173.0,Approved
RT-03056,ORD-2025-058368,P-0391,2025-12-15,1,Wrong item delivered,150450.0,Pending
RT-03057,ORD-2025-058381,P-1026,2025-12-05,1,Wrong size,66800.0,Approved
RT-03058,ORD-2025-058400,P-0977,2025-12-10,1,Wrong size,50700.0,Rejected
RT-03059,ORD-2025-058443,P-0942,2025-12-07,1,Wrong item delivered,60200.0,Approved
RT-03060,ORD-2025-058487,P-0916,2025-12-09,1,Changed mind,8450.0,Approved
RT-03061,ORD-2025-058498,P-1087,2025-12-08,1,Expired product,14043.0,Pending
RT-03062,ORD-2025-058520,P-0995,2025-12-05,1,Wrong item delivered,117800.0,Approved
RT-03063,ORD-2025-058526,P-0535,2025-12-05,1,Defective on arrival,34350.0,Approved
RT-03064,ORD-2025-058535,P-0233,2025-12-18,1,Damaged in transit,1410.0,Approved
RT-03065,ORD-2025-058636,P-0019,2025-12-19,2,Expired product,6000.0,Approved
RT-03066,ORD-2025-058649,P-0135,2025-12-12,2,Damaged in transit,46100.0,Approved
RT-03067,ORD-2025-058678,P-0199,2025-12-11,1,Expired product,3000.0,Approved
RT-03068,ORD-2025-058688,P-0153,2025-12-08,1,Wrong item delivered,1150.0,Approved
RT-03069,ORD-2025-058718,P-1181,2025-12-09,1,Expired product,15550.0,Approved
RT-03070,ORD-2025-058748,P-1048,2025-12-18,1,Wrong size,86600.0,Approved
RT-03071,ORD-2025-058749,P-1067,2025-12-20,1,Wrong item delivered,92800.0,Rejected
RT-03072,ORD-2025-058751,P-0422,2025-12-18,1,Changed mind,94500.0,Approved
RT-03073,ORD-2025-058753,P-0018,2025-12-15,1,Changed mind,3800.0,Approved
RT-03074,ORD-2025-058765,P-0450,2025-12-19,1,Defective on arrival,318150.0,Approved
RT-03075,ORD-2025-058777,P-0163,2025-12-08,1,Changed mind,17650.0,Approved
RT-03076,ORD-2025-058782,P-0091,2025-12-17,3,Damaged in transit,9000.0,Approved
RT-03077,ORD-2025-058798,P-1048,2025-12-18,1,Quality below expectation,86600.0,Approved
RT-03078,ORD-2025-058815,P-0395,2025-12-10,1,Defective on arrival,61650.0,Rejected
RT-03079,ORD-2025-058835,P-0021,2025-12-13,1,Changed mind,23700.0,Approved
RT-03080,ORD-2025-058841,P-0343,2025-12-10,1,Damaged in transit,7250.0,Rejected
RT-03081,ORD-2025-058846,P-0352,2025-12-12,1,Damaged in transit,40600.0,Rejected
RT-03082,ORD-2025-058861,P-0868,2025-12-20,1,Damaged in transit,1050.0,Approved
RT-03083,ORD-2025-058893,P-0766,2025-12-20,1,Wrong item delivered,6350.0,Approved
RT-03084,ORD-2025-058909,P-0398,2025-12-14,1,Damaged in transit,42400.0,Pending
RT-03085,ORD-2025-058909,P-1069,2025-12-18,1,Quality below expectation,38400.0,Approved
RT-03086,ORD-2025-058916,P-0077,2025-12-16,1,Damaged in transit,2250.0,Approved
RT-03087,ORD-2025-058945,P-0384,2025-12-18,1,Damaged in transit,55300.0,Approved
RT-03088,ORD-2025-058950,P-0918,2025-12-12,1,Changed mind,1250.0,Approved
RT-03089,ORD-2025-058977,P-1132,2025-12-18,1,Wrong item delivered,10700.0,Pending
RT-03090,ORD-2025-058992,P-0390,2025-12-10,1,Wrong item delivered,80250.0,Approved
RT-03091,ORD-2025-059003,P-0439,2025-12-15,1,Damaged in transit,25600.0,Pending
RT-03092,ORD-2025-059032,P-0318,2025-12-17,2,Wrong item delivered,2700.0,Approved
RT-03093,ORD-2025-059040,P-0307,2025-12-24,1,Damaged in transit,3910.0,Approved
RT-03094,ORD-2025-059054,P-1089,2025-12-24,1,Damaged in transit,12900.0,Approved
RT-03095,ORD-2025-059080,P-0995,2025-12-15,1,Wrong size,117800.0,Approved
RT-03096,ORD-2025-059081,P-0483,2025-12-18,1,Changed mind,41700.0,Pending
RT-03097,ORD-2025-059096,P-0919,2025-12-12,1,Expired product,10850.0,Approved
RT-03098,ORD-2025-059108,P-0257,2025-12-14,1,Expired product,7550.0,Pending
RT-03099,ORD-2025-059110,P-0046,2025-12-12,3,Damaged in transit,12750.0,Approved
RT-03100,ORD-2025-059167,P-0462,2025-12-13,1,Damaged in transit,291950.0,Pending
RT-03101,ORD-2025-059171,P-1015,2025-12-15,1,Changed mind,86900.0,Approved
RT-03102,ORD-2025-059207,P-0635,2025-12-20,1,Damaged in transit,22900.0,Approved
RT-03103,ORD-2025-059213,P-0139,2025-12-22,1,Expired product,7700.0,Rejected
RT-03104,ORD-2025-059234,P-0446,2025-12-18,1,Damaged in transit,338600.0,Approved
RT-03105,ORD-2025-059258,P-0500,2025-12-15,1,Changed mind,384650.0,Approved
RT-03106,ORD-2025-059318,P-0045,2025-12-18,1,Wrong item delivered,4400.0,Pending
RT-03107,ORD-2025-059340,P-1061,2025-12-16,1,Wrong size,82600.0,Approved
RT-03108,ORD-2025-059350,P-0142,2025-12-27,1,Wrong item delivered,1827.5,Approved
RT-03109,ORD-2025-059354,P-1188,2025-12-15,1,Changed mind,67900.0,Approved
RT-03110,ORD-2025-059376,P-0472,2025-12-19,1,Wrong item delivered,121026.0,Rejected
RT-03111,ORD-2025-059396,P-0235,2025-12-24,3,Damaged in transit,15900.0,Approved
RT-03112,ORD-2025-059405,P-0369,2025-12-17,1,Wrong item delivered,900.0,Approved
RT-03113,ORD-2025-059410,P-0220,2025-12-26,2,Expired product,12155.0,Pending
RT-03114,ORD-2025-059427,P-0940,2025-12-28,1,Wrong item delivered,111750.0,Approved
RT-03115,ORD-2025-059431,P-0421,2025-12-16,1,Damaged in transit,23700.0,Approved
RT-03116,ORD-2025-059438,P-0451,2025-12-17,1,Changed mind,324300.0,Approved
RT-03117,ORD-2025-059441,P-0176,2025-12-16,1,Damaged in transit,2600.0,Approved
RT-03118,ORD-2025-059443,P-0403,2025-12-22,1,Damaged in transit,577600.0,Pending
RT-03119,ORD-2025-059455,P-0491,2025-12-26,1,Damaged in transit,167300.0,Rejected
RT-03120,ORD-2025-059494,P-0889,2025-12-26,1,Damaged in transit,600.0,Pending
RT-03121,ORD-2025-059501,P-0757,2025-12-28,1,Changed mind,12100.0,Approved
RT-03122,ORD-2025-059513,P-1132,2025-12-24,1,Wrong item delivered,10700.0,Approved
RT-03123,ORD-2025-059538,P-0995,2025-12-28,1,Wrong size,117800.0,Approved
RT-03124,ORD-2025-059560,P-0579,2025-12-18,2,Wrong item delivered,44700.0,Approved
RT-03125,ORD-2025-059566,P-0171,2025-12-30,1,Wrong item delivered,2295.0,Approved
RT-03126,ORD-2025-059599,P-0959,2025-12-20,1,Quality below expectation,7100.0,Approved
RT-03127,ORD-2025-059602,P-0077,2025-12-19,1,Expired product,2250.0,Approved
RT-03128,ORD-2025-059656,P-0447,2025-12-20,2,Damaged in transit,162100.0,Approved
RT-03129,ORD-2025-059680,P-0559,2025-12-30,1,Changed mind,94100.0,Rejected
RT-03130,ORD-2025-059702,P-0936,2025-12-24,1,Quality below expectation,96050.0,Approved
RT-03131,ORD-2025-059727,P-0519,2025-12-18,1,Defective on arrival,58150.0,Approved
RT-03132,ORD-2025-059731,P-1067,2025-12-27,2,Wrong item delivered,185600.0,Rejected
RT-03133,ORD-2025-059737,P-0063,2025-12-31,1,Wrong item delivered,5227.5,Approved
RT-03134,ORD-2025-059756,P-0079,2025-12-30,3,Wrong item delivered,23341.5,Approved
RT-03135,ORD-2025-059772,P-1062,2025-12-20,1,Quality below expectation,83550.0,Approved
RT-03136,ORD-2025-059779,P-0388,2025-12-31,1,Defective on arrival,396150.0,Approved
RT-03137,ORD-2025-059780,P-0402,2025-12-22,1,Changed mind,125800.0,Approved
RT-03138,ORD-2025-059783,P-0462,2025-12-20,1,Changed mind,291950.0,Approved
RT-03139,ORD-2025-059858,P-0926,2025-12-21,1,Expired product,22500.0,Approved
RT-03140,ORD-2025-059867,P-0750,2025-12-27,1,Wrong item delivered,500.0,Approved
RT-03141,ORD-2025-059896,P-0111,2025-12-23,1,Damaged in transit,3250.0,Rejected
RT-03143,ORD-2025-059927,P-0510,2025-12-21,1,Damaged in transit,28200.0,Approved
RT-03144,ORD-2025-059960,P-0963,2025-12-28,1,Wrong size,91900.0,Approved
RT-03145,ORD-2025-059967,P-1014,2025-12-24,1,Wrong size,24900.0,Rejected
RT-03146,ORD-2025-060029,P-0078,2025-12-28,1,Damaged in transit,6950.0,Rejected
RT-03147,ORD-2025-060060,P-0555,2025-12-22,1,Changed mind,176650.0,Pending
RT-03148,ORD-2025-060123,P-0535,2025-12-26,1,Changed mind,34350.0,Approved
RT-03149,ORD-2025-060132,P-0405,2025-12-27,1,Damaged in transit,119150.0,Approved
RT-03150,ORD-2025-060134,P-1068,2025-12-26,1,Wrong item delivered,86700.0,Approved
RT-03152,ORD-2025-060148,P-0984,2025-12-27,1,Wrong item delivered,103250.0,Rejected
RT-03153,ORD-2025-060154,P-1011,2025-12-27,1,Quality below expectation,55100.0,Approved
RT-03154,ORD-2025-060157,P-0077,2025-12-30,1,Damaged in transit,1912.5,Approved
RT-03155,ORD-2025-060167,P-0330,2025-12-31,1,Expired product,31900.0,Approved
RT-03157,ORD-2025-060187,P-0207,2025-12-24,1,Expired product,700.0,Approved
RT-03158,ORD-2025-060207,P-1166,2025-12-25,1,Damaged in transit,57100.0,Approved
RT-03159,ORD-2025-060209,P-0481,2025-12-24,1,Defective on arrival,360800.0,Approved
RT-03160,ORD-2025-060218,P-0427,2025-12-28,1,Defective on arrival,116950.0,Approved
RT-03162,ORD-2025-060239,P-1162,2025-12-31,1,Changed mind,16300.0,Approved
RT-03163,ORD-2025-060240,P-0296,2025-12-29,1,Changed mind,5250.0,Approved
RT-03165,ORD-2025-060310,P-0572,2025-12-31,1,Expired product,6900.0,Approved
RT-03169,ORD-2025-060382,P-0510,2025-12-30,1,Damaged in transit,28200.0,Approved
RT-03174,ORD-2025-060483,P-0080,2025-12-28,1,Changed mind,6100.0,Approved
RT-03175,ORD-2025-060490,P-0872,2025-12-28,1,Damaged in transit,2750.0,Approved
RT-03178,ORD-2025-060528,P-0421,2025-12-30,1,Damaged in transit,23700.0,Rejected
RT-03182,ORD-2025-060662,P-0995,2025-12-28,1,Changed mind,117800.0,Pending
RT-03190,ORD-2025-060732,P-0061,2025-12-29,1,Changed mind,6400.0,Approved
RT-03194,ORD-2025-060792,P-1011,2025-12-29,1,Wrong item delivered,55100.0,Approved
RT-03195,ORD-2025-060821,P-0411,2025-12-29,1,Damaged in transit,719000.0,Approved
RT-03197,ORD-2025-060829,P-0058,2025-12-30,1,Expired product,5015.0,Pending
RT-03200,ORD-2025-060889,P-1128,2025-12-31,1,Changed mind,27800.0,Pending
RT-03203,ORD-2025-060924,P-0494,2025-12-30,1,Wrong item delivered,220600.0,Approved
